full-title,title,label
<p>เตรียมรองรับคนไทย ที่ทยอยเดินทางกลับจากต่างประเทศกว่า 7 พันคน จริงหรือ?</p>,เตรียมรองรับคนไทย ที่ทยอยเดินทางกลับจากต่างประเทศกว่า 7 พันคน,real
<p>ข่าวปลอม อย่าแชร์! ดื่มเบกกิ้งโซดา ช่วยให้ออกกำลังกายได้นานขึ้น</p>,ดื่มเบกกิ้งโซดา ช่วยให้ออกกำลังกายได้นานขึ้น,fake
<p>ข่าวปลอม อย่าแชร์! ล้างไขมันในลำไส้ ด้วยชามะละกอ</p>,ล้างไขมันในลำไส้ ด้วยชามะละกอ,fake
<p>ข่าวบิดเบือน อย่าแชร์! กระเทียมไทย ช่วยต้านไวรัสโควิด-19</p>,กระเทียมไทย ช่วยต้านไวรัสโควิด-19,incorrect
<p>ข่าวปลอม อย่าแชร์! พบผู้ติดเชื้อโควิด-19 จำนวน 3 คน ที่ตลาดเสรี จ.นครปฐม</p>,พบผู้ติดเชื้อโควิด-19 จำนวน 3 คน ที่ตลาดเสรี จ.นครปฐม,fake
<p>ข่าวปลอม อย่าแชร์! อย. ขอรับการสนับสนุนค่าโฆษณาจัดทำวารสารฉบับพิเศษ อย. Report</p>,อย. ขอรับการสนับสนุนค่าโฆษณาจัดทำวารสารฉบับพิเศษ อย. Report,fake
"<p>ข่าวปลอม อย่าแชร์! พมจ.ช่วยเหลือผู้พิการ แจกเงินคนละ 2,000 บาท</p>","พมจ.ช่วยเหลือผู้พิการ แจกเงินคนละ 2,000 บาท",fake
<p>เดินทางข้ามจังหวัด โดยไม่มีเหตุจำเป็น อาจโดนกักตัว 14 วัน จริงหรือ?</p>,เดินทางข้ามจังหวัด โดยไม่มีเหตุจำเป็น อาจโดนกักตัว 14 วัน,real
<p>ข่าวปลอม อย่าแชร์! น้ำรากบัว รักษาหอบหืด แก้ภูมิแพ้ และไซนัสอักเสบ</p>,น้ำรากบัว รักษาหอบหืด แก้ภูมิแพ้ และไซนัสอักเสบ,fake
<p>การรถไฟฯ แจ้งยกเลิกขบวนรถทางไกล ทุกขบวน มีผลทันที 3 พ.ค. 63 จริงหรือ?</p>,การรถไฟฯ แจ้งยกเลิกขบวนรถทางไกล ทุกขบวน มีผลทันที 3 พ.ค. 63,real
<p>ข่าวบิดเบือน อย่าแชร์! ประกาศห้าม! แจกอาหารให้กับประชาชนตั้งแต่ 3 พ.ค. 63</p>,ประกาศห้าม! แจกอาหารให้กับประชาชนตั้งแต่ 3 พ.ค. 63,incorrect
<p>ราชกิจจาประกาศ เคอร์ฟิวทั่วราชอาณาจักร งดเดินทางข้ามจังหวัด จริงหรือ?</p>,ราชกิจจาประกาศ เคอร์ฟิวทั่วราชอาณาจักร งดเดินทางข้ามจังหวัด,real
"<p>ข่าวบิดเบือน อย่าแชร์! ฉีดวิตามินซี 10,000 มิลลิกรัม ช่วยป้องกันโควิด-19</p>","ฉีดวิตามินซี 10,000 มิลลิกรัม ช่วยป้องกันโควิด-19",incorrect
<p>ข่าวปลอม อย่าแชร์! รถเมล์สาย 110 หยุดวิ่งถาวร</p>,รถเมล์สาย 110 หยุดวิ่งถาวร,fake
<p>ข่าวบิดเบือน อย่าแชร์! การไฟฟ้า คำนวณราคาก๊าซสูงกว่าตลาดไนเม็กซ์ 4-5 เท่า ใช้เก็บค่าไฟฟ้าจากประชาชน</p>,การไฟฟ้า คำนวณราคาก๊าซสูงกว่าตลาดไนเม็กซ์ 4-5 เท่า ใช้เก็บค่าไฟฟ้าจากประชาชน,incorrect
<p>ข่าวปลอม อย่าแชร์! รพ.สมเด็จพระบรมราชเทวี ณ ศรีราชา เปิดรับบริจาค เพื่อจัดซื้ออุปกรณ์ทางการแพทย์</p>,รพ.สมเด็จพระบรมราชเทวี ณ ศรีราชา เปิดรับบริจาค เพื่อจัดซื้ออุปกรณ์ทางการแพทย์,fake
<p>ข่าวปลอม อย่าแชร์!  ข่าวด่วน! ไทยแพ้คดีคิงส์เกต คดีเหมืองทอง</p>, ข่าวด่วน! ไทยแพ้คดีคิงส์เกต คดีเหมืองทอง,fake
<p>สำนักงานการบินพลเรือนแห่งประเทศไทย “ขยายเวลาห้ามบินเข้าไทย” ถึง 31 พ.ค. 63 จริงหรือ?</p>,สำนักงานการบินพลเรือนแห่งประเทศไทย “ขยายเวลาห้ามบินเข้าไทย” ถึง 31 พ.ค. 63,real
<p>ข่าวปลอม อย่าแชร์! เอกสารโอนเงินค่าธรรมเนียมและค่าภาษี เพื่อปฏิบัติพิธีการศุลกากร</p>,เอกสารโอนเงินค่าธรรมเนียมและค่าภาษี เพื่อปฏิบัติพิธีการศุลกากร,fake
<p>กทม.สั่งยกเลิกด่านตรวจคัดกรองโควิด-19 โยกกำลังไปด่านเคอร์ฟิวแทน จริงหรือ?</p>,กทม.สั่งยกเลิกด่านตรวจคัดกรองโควิด-19 โยกกำลังไปด่านเคอร์ฟิวแทน,real
<p>ข่าวปลอม อย่าแชร์! บรรจุอิสลามศึกษาเข้าทุกโรงเรียน เพราะเป็นกฎกระทรวง</p>,บรรจุอิสลามศึกษาเข้าทุกโรงเรียน เพราะเป็นกฎกระทรวง,fake
<p>ข่าวปลอม อย่าแชร์! การบินไทย ไม่ไหวขอหยุดบินต่ออีก 4 เดือน เลิกบิน 20 เมืองทั่วโลก</p>,การบินไทย ไม่ไหวขอหยุดบินต่ออีก 4 เดือน เลิกบิน 20 เมืองทั่วโลก,fake
<p>ข่าวปลอม อย่าแชร์! รัฐฯ เหลืองบกลางเงินเยียวยาประชาชนแค่ 5 หมื่นล้าน</p>,รัฐฯ เหลืองบกลางเงินเยียวยาประชาชนแค่ 5 หมื่นล้าน,fake
"<p>ข่าวปลอม อย่าแชร์! ประกันสังคมจ่ายเงินคืน 1,200 บาท ให้แก่ผู้มีรายได้ประจำ</p>","ประกันสังคมจ่ายเงินคืน 1,200 บาท ให้แก่ผู้มีรายได้ประจำ",fake
<p>ข่าวบิดเบือน อย่าแชร์! เหตุค่าไฟแพง เพราะกฟผ. จัดซื้ออุปกรณ์เติมแก๊ส คันละ 1.5 แสนบาท</p>,เหตุค่าไฟแพง เพราะกฟผ. จัดซื้ออุปกรณ์เติมแก๊ส คันละ 1.5 แสนบาท,incorrect
<p>ข่าวปลอม อย่าแชร์! แจกเงินเยียวยาครอบครัวละ 1 หมื่นบาท เริ่มสิ้นเดือน เม.ย. 63</p>,แจกเงินเยียวยาครอบครัวละ 1 หมื่นบาท เริ่มสิ้นเดือน เม.ย. 63,fake
"<p>ข่าวปลอม อย่าแชร์! กรมราชทัณฑ์ ปล่อยนักโทษ 38,000 คน เนื่องในเนื่องในวโรกาสสำคัญต่างๆ</p>","กรมราชทัณฑ์ ปล่อยนักโทษ 38,000 คน เนื่องในเนื่องในวโรกาสสำคัญต่างๆ",fake
<p>ข่าวบิดเบือน อย่าแชร์! ด่วน! ยกเลิก วันหยุดนักขัตฤกษ์ เดือน พ.ค. 63 ทั้งหมด</p>,ด่วน! ยกเลิก วันหยุดนักขัตฤกษ์ เดือน พ.ค. 63 ทั้งหมด,incorrect
<p>ข่าวปลอม อย่าแชร์! หากโดนยึดใบขับขี่ จะไม่ได้คืน! ต้องไปสอบใหม่</p>,หากโดนยึดใบขับขี่ จะไม่ได้คืน! ต้องไปสอบใหม่,fake
<p>ข่าวบิดเบือน อย่าแชร์! ขยาย พ.ร.ก.ฉุกเฉิน เพราะเงินหมดคลัง</p>,ขยาย พ.ร.ก.ฉุกเฉิน เพราะเงินหมดคลัง,incorrect
<p>ข่าวปลอม อย่าแชร์! กาแฟสารสกัดจากธรรมชาติ ต้านโควิด-19</p>,กาแฟสารสกัดจากธรรมชาติ ต้านโควิด-19,fake
<p>ข่าวปลอม อย่าแชร์! เตือน! หน้ากากผ้าที่กระทรวงอุตสาหกรรมแจกฟรี ไม่ผ่านมาตรฐาน</p>,เตือน! หน้ากากผ้าที่กระทรวงอุตสาหกรรมแจกฟรี ไม่ผ่านมาตรฐาน,fake
<p>สบส. เตือน รพ.เอกชน ห้ามตั้งจุดตรวจคัดกรองโควิด-19 ในพื้นที่สาธารณะ จริงหรือ?</p>,สบส. เตือน รพ.เอกชน ห้ามตั้งจุดตรวจคัดกรองโควิด-19 ในพื้นที่สาธารณะ,real
"<p>ข่าวปลอม อย่าแชร์! เพิ่มเงินอุดหนุนเลี้ยงดูเด็กแรกเกิด จาก 600 เป็น 2,000 บาท</p>","เพิ่มเงินอุดหนุนเลี้ยงดูเด็กแรกเกิด จาก 600 เป็น 2,000 บาท",fake
"<p>ข่าวปลอม อย่าแชร์! บัตรสวัสดิการแห่งรัฐ แจก 3,000 บาท ให้ทุกคนที่มีอายุ 18 ปีขึ้นไป</p>","บัตรสวัสดิการแห่งรัฐ แจก 3,000 บาท ให้ทุกคนที่มีอายุ 18 ปีขึ้นไป",fake
<p>ข่าวปลอม อย่าแชร์! ยาจีนเหลียนฮัวชิงเหวินแคปซูลรักษาโควิด-19</p>,ยาจีนเหลียนฮัวชิงเหวินแคปซูลรักษาโควิด-19,fake
<p>ข่าวปลอม อย่าแชร์! กาแฟผสมยาปลุกเซ็กซ์ เพิ่มสมรรถภาพทางเพศได้</p>,กาแฟผสมยาปลุกเซ็กซ์ เพิ่มสมรรถภาพทางเพศได้,fake
<p>ข่าวบิดเบือน อย่าแชร์! ยกเลิกบิลค่าไฟเดือนนี้ ให้จ่ายบิลค่าไฟเดือน ก.พ. แทน</p>,ยกเลิกบิลค่าไฟเดือนนี้ ให้จ่ายบิลค่าไฟเดือน ก.พ. แทน,incorrect
<p>ข่าวปลอม อย่าแชร์! เพียงกรอกรหัสทะเบียนบ้าน ทางรัฐฯจะจัดส่งหน้ากากอนามัยให้ฟรี</p>,เพียงกรอกรหัสทะเบียนบ้าน ทางรัฐฯจะจัดส่งหน้ากากอนามัยให้ฟรี,fake
<p>ข่าวปลอม อย่าแชร์! รัฐฯขอรับบริจาค จาก 20 มหาเศรษฐี เพื่อซื้อชุดตรวจโควิดแจกอาเซียน</p>,รัฐฯขอรับบริจาค จาก 20 มหาเศรษฐี เพื่อซื้อชุดตรวจโควิดแจกอาเซียน,fake
<p>ข่าวปลอม อย่าแชร์! “รัฐวิสาหกิจจีนบริจาคชุดตรวจโควิดมาให้ใช้ฟรี แต่ถูก อย. กักไว้ที่ด่านสุวรรณภูมิ”</p>,“รัฐวิสาหกิจจีนบริจาคชุดตรวจโควิดมาให้ใช้ฟรี แต่ถูก อย. กักไว้ที่ด่านสุวรรณภูมิ”,fake
<p>ข่าวบิดเบือน อย่าแชร์! แจกอาหาร แจกของ ไม่ต้องแจ้งผู้ว่าฯ แต่ต้องแจ้งเจ้าหน้าที่</p>,แจกอาหาร แจกของ ไม่ต้องแจ้งผู้ว่าฯ แต่ต้องแจ้งเจ้าหน้าที่,incorrect
<p>ข่าวปลอม อย่าแชร์! เล่นมือถือในที่มืดนาน ทำให้เป็นมะเร็งตาหรือตาบอดถาวร</p>,เล่นมือถือในที่มืดนาน ทำให้เป็นมะเร็งตาหรือตาบอดถาวร,fake
<p>ตร.แจ้งข้อหาผู้ที่นำของมาบริจาคจัดกิจกรรมมั่วสุม จริงหรือ?</p>,ตร.แจ้งข้อหาผู้ที่นำของมาบริจาคจัดกิจกรรมมั่วสุม,real
<p>ข่าวปลอม อย่าแชร์! คณะสงฆ์เจ้าอาวาสทั่วราชอาณาจักร ขอความร่วมมือให้งดหรือเลื่อนการตาย</p>,คณะสงฆ์เจ้าอาวาสทั่วราชอาณาจักร ขอความร่วมมือให้งดหรือเลื่อนการตาย,fake
<p>มท. สั่งด่วน! ถึงผู้ว่าฯ ทุกจังหวัด ให้จัดระเบียบกิจกรรมแจกของบริจาค จริงหรือ?</p>,มท. สั่งด่วน! ถึงผู้ว่าฯ ทุกจังหวัด ให้จัดระเบียบกิจกรรมแจกของบริจาค,real
<p>“พล.อ.ประวิตร” ตรวจเยี่ยม ศูนย์ต่อต้านข่าวปลอม เน้นสร้างการรับรู้ ลดผลกระทบ fake news ในช่วงโควิด-19</p>,“พล.อ.ประวิตร” ตรวจเยี่ยม ศูนย์ต่อต้านข่าวปลอม เน้นสร้างการรับรู้ ลดผลกระทบ fake news ในช่,real
<p>ข่าวบิดเบือน อย่าแชร์! ค่าไฟแพง เพราะประเทศขาดรายได้</p>,ค่าไฟแพง เพราะประเทศขาดรายได้,incorrect
<p>ข่าวบิดเบือน อย่าแชร์! ธนาคารยืนยัน! ขึ้นสถานะใหม่แล้ว จะได้รับเงิน 22 เม.ย. นี้</p>,ธนาคารยืนยัน! ขึ้นสถานะใหม่แล้ว จะได้รับเงิน 22 เม.ย. นี้,incorrect
<p>ข่าวปลอม อย่าแชร์! หนังสือเรียนวิชาอิสลาม ระบุ ห้ามไหว้ผู้มีพระคุณ เพราะผิดหลักศาสนา</p>,หนังสือเรียนวิชาอิสลาม ระบุ ห้ามไหว้ผู้มีพระคุณ เพราะผิดหลักศาสนา,fake
<p>ข่าวบิดเบือน อย่าแชร์! 1 พ.ค. นี้ ชลบุรีจะกลับมาสู่ภาวะปกติ</p>,1 พ.ค. นี้ ชลบุรีจะกลับมาสู่ภาวะปกติ,incorrect
<p>ข่าวบิดเบือน อย่าแชร์! ทอท. ปรับลด หรือไม่เรียกเก็บค่าผลประโยชน์ตอบแทนในอัตราร้อยละ จากร้านค้าปลอดภาษีชื่อดังแห่งหนึ่ง</p>,ทอท. ปรับลด หรือไม่เรียกเก็บค่าผลประโยชน์ตอบแทนในอัตราร้อยละ จากร้านค้าปลอดภาษีชื่อดังแห่งหนึ่ง,incorrect
<p>เตือน! พายุฤดูร้อนรอบใหม่ 22-25 เม.ย. 63 ส่งกระทบหลายจังหวัด</p>,เตือน! พายุฤดูร้อนรอบใหม่ 22-25 เม.ย. 63 ส่งกระทบห,real
<p>ข่าวบิดเบือน อย่าแชร์! สมุนไพรไทย ต้านไวรัสโควิด-19</p>,สมุนไพรไทย ต้านไวรัสโควิด-19,incorrect
<p>ข่าวปลอม อย่าแชร์! กฟน. เพิ่มราคาต่อหน่วยไฟฟ้า เหตุ! ต้นทุนเชื้อเพลิงเพิ่มขึ้น</p>,กฟน. เพิ่มราคาต่อหน่วยไฟฟ้า เหตุ! ต้นทุนเชื้อเพลิงเพิ่มขึ้น,fake
<p>ข่าวปลอม อย่าแชร์! เพจกรมศุลกากร ขายเครื่องวัดอุณหภูมิ</p>,เพจกรมศุลกากร ขายเครื่องวัดอุณหภูมิ,fake
<p>ข่าวปลอม อย่าแชร์! เตียง ICU สำหรับรับผู้ป่วยโควิด-19 เต็ม</p>,เตียง ICU สำหรับรับผู้ป่วยโควิด-19 เต็ม,fake
<p>ข่าวบิดเบือน อย่าแชร์! ดื่มน้ำมะกรูดโซดา ช่วยลดไขมันในเลือดได้</p>,ดื่มน้ำมะกรูดโซดา ช่วยลดไขมันในเลือดได้,incorrect
<p>ข่าวปลอม อย่าแชร์! ผสมน้ำยาบ้วนปากกับน้ำส้มสายชู จะทำให้ตัวขาวขึ้น</p>,ผสมน้ำยาบ้วนปากกับน้ำส้มสายชู จะทำให้ตัวขาวขึ้น,fake
<p>ข่าวบิดเบือน อย่าแชร์! ดื่มน้ำอัญชันมะนาวโซดา วันละแก้ว แก้ตาฟาง ผอมเร็ว</p>,ดื่มน้ำอัญชันมะนาวโซดา วันละแก้ว แก้ตาฟาง ผอมเร็ว,incorrect
<p>ข่าวปลอม อย่าแชร์! อ้างสูตร! ตำรายารักษาโรคมะเร็งหายได้</p>,อ้างสูตร! ตำรายารักษาโรคมะเร็งหายได้,fake
<p>ข่าวบิดเบือน อย่าแชร์! สูตรกระเจี๊ยบเขียวแช่น้ำดื่ม มีประโยชน์มากมาย</p>,สูตรกระเจี๊ยบเขียวแช่น้ำดื่ม มีประโยชน์มากมาย,incorrect
<p>ข่าวบิดเบือน อย่าแชร์! ชาตะไคร้ใบเตย รักษาอาการปวดขา ปวดข้อ</p>,ชาตะไคร้ใบเตย รักษาอาการปวดขา ปวดข้อ,incorrect
<p>ข่าวปลอม อย่าแชร์! เผย! เครื่องดื่มสมุนไพรโบราณ ดื่มก่อนนอน ความจำดีขึ้น</p>,เผย! เครื่องดื่มสมุนไพรโบราณ ดื่มก่อนนอน ความจำดีขึ้น,fake
<p>ข่าวบิดเบือน อย่าแชร์! 10 เมนูอาหาร ต้านไวรัส สร้างภูมิคุ้มกัน ป้องกัน COVID-19</p>,10 เมนูอาหาร ต้านไวรัส สร้างภูมิคุ้มกัน ป้องกัน COVID-19,incorrect
<p>ข่าวบิดเบือน อย่าแชร์! กระเทียมมีสารอัลลิซิน ที่มีฤทธิ์ฆ่าเชื้อโควิด-19</p>,กระเทียมมีสารอัลลิซิน ที่มีฤทธิ์ฆ่าเชื้อโควิด-19,incorrect
<p>ข่าวบิดเบือน อย่าแชร์! แนะดื่มน้ำกระชาย ต้านโควิด-19</p>,แนะดื่มน้ำกระชาย ต้านโควิด-19,incorrect
<p>ข่าวบิดเบือน อย่าแชร์! น้ำกระเจี๊ยบแดงเสริมระบบภูมิคุ้มกันแข็งแรง ต้านโควิด-19</p>,น้ำกระเจี๊ยบแดงเสริมระบบภูมิคุ้มกันแข็งแรง ต้านโควิด-19,incorrect
<p>ข่าวปลอม อย่าแชร์! แนะ น้ำมันกัญชาสามารถป้องกันไวรัส COVID-19</p>,แนะ น้ำมันกัญชาสามารถป้องกันไวรัส COVID-19,fake
<p>ข่าวบิดเบือน อย่าแชร์! ดื่มน้ำขิงร้อน โยเกิร์ต และธัญพืช 8 ชนิด ช่วยป้องกันโควิด-19</p>,ดื่มน้ำขิงร้อน โยเกิร์ต และธัญพืช 8 ชนิด ช่วยป้องกันโควิด-19,incorrect
<p>ข่าวปลอม อย่าแชร์! น้ำกระเทียมคั้นสด รักษาโควิด-19</p>,น้ำกระเทียมคั้นสด รักษาโควิด-19,fake
<p>ข่าวบิดเบือน อย่าแชร์! “น้ำขิงมะนาว” ช่วยผิวขาวใส-กลิ่นปากหาย สลายลิ่มเลือด</p>,“น้ำขิงมะนาว” ช่วยผิวขาวใส-กลิ่นปากหาย สลายลิ่มเลือด,incorrect
<p>ข่าวบิดเบือน อย่าแชร์! พรบ.อิสลามมีเพื่ออำนวยความสะดวกแก่ชาวไทยมุสลิม</p>,พรบ.อิสลามมีเพื่ออำนวยความสะดวกแก่ชาวไทยมุสลิม,incorrect
<p>ข่าวปลอม อย่าแชร์! 8 วิธีเปลี่ยนผิวเหลือง เป็นผิวขาวอมชมพู</p>,8 วิธีเปลี่ยนผิวเหลือง เป็นผิวขาวอมชมพู,fake
<p>ข่าวบิดเบือน อย่าแชร์! สุมยาบรรเทาอาการหวัด ต้านเชื้อไวรัสโควิด-19</p>,สุมยาบรรเทาอาการหวัด ต้านเชื้อไวรัสโควิด-19,incorrect
<p>ข่าวบิดเบือน อย่าแชร์! สูตรกล้วยน้ำว้าพอกหน้า ไร้ริ้วรอยอ่อนวัย</p>,สูตรกล้วยน้ำว้าพอกหน้า ไร้ริ้วรอยอ่อนวัย,incorrect
"<p>ข่าวปลอม อย่าแชร์! ลือว่อน! รัฐมนตรีการคลัง เผยพร้อมยุติแจกเงิน 5,000</p>","ลือว่อน! รัฐมนตรีการคลัง เผยพร้อมยุติแจกเงิน 5,000",fake
<p>ข่าวปลอม อย่าแชร์! กาแฟผสมมะนาว น้ำมันมะพร้าว แก้ไมเกรนได้</p>,กาแฟผสมมะนาว น้ำมันมะพร้าว แก้ไมเกรนได้,fake
<p>ข่าวบิดเบือน อย่าแชร์! ดื่มน้ำขิงมะนาวทุกเช้า ช่วยผิวสวยนุ่ม น้ำหนักลง 2-3 กิโล</p>,ดื่มน้ำขิงมะนาวทุกเช้า ช่วยผิวสวยนุ่ม น้ำหนักลง 2-3 กิโล,incorrect
<p>ข่าวบิดเบือน อย่าแชร์! สูตรน้ำใบเตย สะระแหน่ ช่วยบำรุงสายตา แก้นอนไม่หลับ</p>,สูตรน้ำใบเตย สะระแหน่ ช่วยบำรุงสายตา แก้นอนไม่หลับ,incorrect
<p>ข่าวปลอม อย่าแชร์! 5 สารใน”น้ำยาปรับผ้านุ่ม” เป็นภัยร้ายที่มาพร้อมกับความหอม</p>,5 สารใน”น้ำยาปรับผ้านุ่ม” เป็นภัยร้ายที่มาพร้อมกับความหอม,fake
<p>ข่าวบิดเบือน อย่าแชร์! ดื่มกระชาย+น้ำผึ้งมะนาว บำรุงสมอง มดลูก กระดูก แก้ผมร่วง</p>,ดื่มกระชาย+น้ำผึ้งมะนาว บำรุงสมอง มดลูก กระดูก แก้ผมร่วง,incorrect
<p>ข่าวปลอม อย่าแชร์! ลือ! โรคร้ายแรงที่ประกันสังคมไม่ครอบคลุม</p>,ลือ! โรคร้ายแรงที่ประกันสังคมไม่ครอบคลุม,fake
"<p>ข่าวบิดเบือน อย่าแชร์! มหาดไทย สำรวจข้อมูล ช่วยผู้ไม่ได้รับ 5,000 บาท</p>","มหาดไทย สำรวจข้อมูล ช่วยผู้ไม่ได้รับ 5,000 บาท",incorrect
<p>ข่าวบิดเบือน อย่าแชร์! เผย! วิธีลดน้ำหนัก 10 โล ด้วยไข่ต้ม ภายใน 14 วัน</p>,เผย! วิธีลดน้ำหนัก 10 โล ด้วยไข่ต้ม ภายใน 14 วัน,incorrect
<p>ข่าวบิดเบือน อย่าแชร์! ชี้แนะ! 5 ผลไม้ช่วยล้างสารพิษดีที่สุด</p>,ชี้แนะ! 5 ผลไม้ช่วยล้างสารพิษดีที่สุด,incorrect
<p>ข่าวบิดเบือน อย่าแชร์! อ้างวิจัยข้าวโพดต้ม ช่วยล้างพิษ ต้านอนุมูลอิสระได้</p>,อ้างวิจัยข้าวโพดต้ม ช่วยล้างพิษ ต้านอนุมูลอิสระได้,incorrect
<p>ข่าวปลอม อย่าแชร์! ชี้แนะเครื่องดื่มสมุนไพร ช่วยรักษาโรคหลอดเลือดในหัวใจ</p>,ชี้แนะเครื่องดื่มสมุนไพร ช่วยรักษาโรคหลอดเลือดในหัวใจ,fake
<p>ข่าวปลอม อย่าแชร์! คลอรีนในน้ำประปา เปลี่ยนเป็นสารก่อมะเร็งเมื่อถูกความร้อน</p>,คลอรีนในน้ำประปา เปลี่ยนเป็นสารก่อมะเร็งเมื่อถูกความร้อน,fake
<p>ข่าวปลอม อย่าแชร์! เตือนภัย! สวมรอยใช้ SIM CARD เพื่อแฮกข้อมูล</p>,เตือนภัย! สวมรอยใช้ SIM CARD เพื่อแฮกข้อมูล,fake
<p>ข่าวบิดเบือน อย่าแชร์! เคล็ดลับผิวขาวสวยเร็ว 5 วิธี ภายใน 7 วัน</p>,เคล็ดลับผิวขาวสวยเร็ว 5 วิธี ภายใน 7 วัน,incorrect
<p>ข่าวบิดเบือน อย่าแชร์! ชวนเชื่อ! ดื่มชาตะไคร้ใบเตย รักษาโรคเก๊าท์ ปวดข้อ</p>,ชวนเชื่อ! ดื่มชาตะไคร้ใบเตย รักษาโรคเก๊าท์ ปวดข้อ,incorrect
<p>ข่าวปลอม อย่าแชร์! อ้าง! ร้านฟาสต์ฟู้ดดัง มอบอาหารสำหรับครอบครัวฟรี</p>,อ้าง! ร้านฟาสต์ฟู้ดดัง มอบอาหารสำหรับครอบครัวฟรี,fake
<p>ข่าวปลอม อย่าแชร์! เหตุ! งบกลางหาย เพราะรัฐฯนำมาจ่ายเงินชดเชยจำนำข้าว</p>,เหตุ! งบกลางหาย เพราะรัฐฯนำมาจ่ายเงินชดเชยจำนำข้าว,fake
<p>ข่าวปลอม อย่าแชร์! ลือว่อน! แพทย์ภูเก็ตขาดแคลนหน้ากากอนามัย</p>,ลือว่อน! แพทย์ภูเก็ตขาดแคลนหน้ากากอนามัย,fake
"<p>ข่าวบิดเบือน อย่าแชร์! พรก.สถานการณ์ฉุกเฉินเพิ่มโทษ ออกนอกบ้านไม่ใส่หน้ากากอนามัย ปรับ 2,000 บาท</p>","พรก.สถานการณ์ฉุกเฉินเพิ่มโทษ ออกนอกบ้านไม่ใส่หน้ากากอนามัย ปรับ 2,000 บาท",incorrect
<p>ข่าวบิดเบือน อย่าแชร์! เตรียมตุน! ยา Hydroxychloroquine ใช้รักษาผู้ป่วยโควิด-19 หายทุกราย</p>,เตรียมตุน! ยา Hydroxychloroquine ใช้รักษาผู้ป่วยโควิด-19 หายทุกราย,incorrect
<p>กทม.คุมเข้มสุ่มตรวจร้านค้าสถานบริการ ปิด/ห้ามขาย จริงหรือ?</p>,กทม.คุมเข้มสุ่มตรวจร้านค้าสถานบริการ ปิด/ห้ามขาย,real
<p>ข่าวปลอม อย่าแชร์! ผลิตภัณฑ์ ดีคอนแทค ช่วยบำรุง ฟื้นฟู สายตา</p>,ผลิตภัณฑ์ ดีคอนแทค ช่วยบำรุง ฟื้นฟู สายตา,fake
<p>ข่าวปลอม อย่าแชร์! ธนาคารกรุงไทยสาขาเซนหลุยส์ปิดทำการ หลังพบพนักงานติดเชื้อ COVID-19 หลายคน</p>,ธนาคารกรุงไทยสาขาเซนหลุยส์ปิดทำการ หลังพบพนักงานติดเชื้อ COVID-19 หลายคน,fake
<p>กรมอุตุฯ เตือนพายุฤดูร้อนถล่ม 52 จังหวัด จริงหรือ?</p>,กรมอุตุฯ เตือนพายุฤดูร้อนถล่ม 52 จังหวัด,real
<p>ข่าวปลอม อย่าแชร์! เชียงของอนุญาตให้เล่นน้ำสงกรานต์ได้</p>,เชียงของอนุญาตให้เล่นน้ำสงกรานต์ได้,fake
<p>ข่าวบิดเบือน อย่าแชร์! จ.นครราชสีมา ประกาศปิดการเดินทางระหว่างจังหวัด</p>,จ.นครราชสีมา ประกาศปิดการเดินทางระหว่างจังหวัด,incorrect
<p>สังสรรค์ที่บ้าน หากมีเสียงดังรบกวน ตำรวจดำเนินคดีได้ทันที จริงหรือ?</p>,สังสรรค์ที่บ้าน หากมีเสียงดังรบกวน ตำรวจดำเนินคดีได้ทันที,real
"<p>ข่าวปลอม อย่าแชร์! ชวนเชื่อ! แนะนำโทร 1111 ได้รับเงินเยียวยา 5,000 ทันที</p>","ชวนเชื่อ! แนะนำโทร 1111 ได้รับเงินเยียวยา 5,000 ทันที",fake
<p>ข่าวปลอม อย่าแชร์! ลือ อาชีพที่ไม่ได้รับอนุญาต ให้ผ่านด่านระหว่างตำบล-อำเภอ</p>,ลือ อาชีพที่ไม่ได้รับอนุญาต ให้ผ่านด่านระหว่างตำบล-อำเภอ,fake
<p>ข่าวปลอม อย่าแชร์! ลือหึ่ง! ศุลกากร ห้ามนำเข้าหน้ากากอนามัย และชุดป้องกันเชื้อโควิด-19</p>,ลือหึ่ง! ศุลกากร ห้ามนำเข้าหน้ากากอนามัย และชุดป้องกันเชื้อโควิด-19,fake
<p>ข่าวบิดเบือน อย่าแชร์! มีไข้ ห้ามกินยา ibuprofen จะทำให้ไวรัส COVID-19 ออกฤทธิ์เป็น 10 เท่า</p>,มีไข้ ห้ามกินยา ibuprofen จะทำให้ไวรัส COVID-19 ออกฤทธิ์เป็น 10 เท่า,incorrect
<p>ข่าวปลอม อย่าแชร์! รับทำใบอนุญาตขับขี่ หลังวันที่ 31 มี.ค. 63</p>,รับทำใบอนุญาตขับขี่ หลังวันที่ 31 มี.ค. 63,fake
<p>สงกรานต์ เล่นน้ำหน้าบ้านผิดพรก.ฉุกเฉิน จริงหรือ?</p>,สงกรานต์ เล่นน้ำหน้าบ้านผิดพรก.ฉุกเฉิน,real
<p>ข่าวปลอม อย่าแชร์! อ้าง! ร้านดังมอบไก่ทอดฟรี เพื่อฉลองครบรอบ 89 ปี</p>,อ้าง! ร้านดังมอบไก่ทอดฟรี เพื่อฉลองครบรอบ 89 ปี,fake
"<p>ข่าวบิดเบือน อย่าแชร์! แนะ! ตรวจสถานะรับเงินเยียวยา 5,000 บาท ผ่าน-รอรับเงิน</p>","แนะ! ตรวจสถานะรับเงินเยียวยา 5,000 บาท ผ่าน-รอรับเงิน",incorrect
<p>ข่าวปลอม อย่าแชร์! เตือน! คลื่นความหนาวจะแผ่ปกคลุมทั่วไทยตั้งแต่คืนนี้ เป็นต้นไป</p>,เตือน! คลื่นความหนาวจะแผ่ปกคลุมทั่วไทยตั้งแต่คืนนี้ เป็นต้นไป,fake
<p>ข่าวปลอม อย่าแชร์! ลือ! ขรก.กระทรวงมหาดไทยบังคับส่งมุสลิมไปแสวงบุญที่ซาอุฯ หากฝ่าฝืนถูกดำเนินคดี</p>,ลือ! ขรก.กระทรวงมหาดไทยบังคับส่งมุสลิมไปแสวงบุญที่ซาอุฯ หากฝ่าฝืนถูกดำเนินคดี,fake
<p>ข่าวบิดเบือน อย่าแชร์! สำนักพุทธฯ สั่งทุกวัดงดจัดสงกรานต์ พร้อมสละเงินเดือนพระ 2 เดือน</p>,สำนักพุทธฯ สั่งทุกวัดงดจัดสงกรานต์ พร้อมสละเงินเดือนพระ 2 เดือน,incorrect
<p>ข่าวปลอม อย่าแชร์! ผลิตภัณฑ์ Aural Plus ช่วยรักษาอาการหูหนวก</p>,ผลิตภัณฑ์ Aural Plus ช่วยรักษาอาการหูหนวก,fake
<p>ข่าวปลอม อย่าแชร์! ลือ! กลุ่มคนกลับจากดาวะห์ รวมตัวละหมาดไม่สนคําสั่งเจ้าหน้าที่</p>,ลือ! กลุ่มคนกลับจากดาวะห์ รวมตัวละหมาดไม่สนคําสั่งเจ้าหน้าที่,fake
<p>ข่าวปลอม อย่าแชร์! ห้ามกิน! เห็ดเข็มทองเพราะมีพิษโควิด-19 อันตรายถึงชีวิต</p>,ห้ามกิน! เห็ดเข็มทองเพราะมีพิษโควิด-19 อันตรายถึงชีวิต,fake
<p>ข่าวปลอม อย่าแชร์! ลือ เคอร์ฟิว 24 ชม.เริ่มเสาร์-อาทิตย์นี้ ต้องตุนอาหารและเครื่องดื่ม</p>,ลือ เคอร์ฟิว 24 ชม.เริ่มเสาร์-อาทิตย์นี้ ต้องตุนอาหารและเครื่องดื่ม,fake
<p>ฝ่าฝืนเคอร์ฟิว จับทุกราย ไม่มีการตักเตือน จริงหรือ?</p>,ฝ่าฝืนเคอร์ฟิว จับทุกราย ไม่มีการตักเตือน,real
"<p>ข่าวปลอม อย่าแชร์! วิธีการตรวจสอบสิทธิ์รับเงินเยียวยา 5,000 บาท</p>","วิธีการตรวจสอบสิทธิ์รับเงินเยียวยา 5,000 บาท",fake
<p>ข่าวปลอม อย่าแชร์! กินอาหารที่เป็นด่างสามารถฆ่าเชื้อ COVID-19 ได้</p>,กินอาหารที่เป็นด่างสามารถฆ่าเชื้อ COVID-19 ได้,fake
<p>ข่าวปลอม อย่าแชร์! สูตรน้ำมะนาวผสมน้ำส้มสายชู และโซดา ดื่มฆ่าเชื้อโควิด-19</p>,สูตรน้ำมะนาวผสมน้ำส้มสายชู และโซดา ดื่มฆ่าเชื้อโควิด-19,fake
<p>ข่าวปลอม อย่าแชร์! น้ำสมุนไพรสูตร 100 ปี ต้านโควิด-19</p>,น้ำสมุนไพรสูตร 100 ปี ต้านโควิด-19,fake
"<p>ข่าวปลอม อย่าแชร์! แชร์สนั่น รัฐบาลประมูลขายชุดตรวจ COVID-19 ราคา 1,000 บาท!</p>","แชร์สนั่น รัฐบาลประมูลขายชุดตรวจ COVID-19 ราคา 1,000 บาท!",fake
<p>ข่าวปลอม อย่าแชร์! ไปรษณีย์เตือน! มีผู้ติดเชื้อ COVID-19 จากจดหมายหรือพัสดุ</p>,ไปรษณีย์เตือน! มีผู้ติดเชื้อ COVID-19 จากจดหมายหรือพัสดุ,fake
<p>ข่าวปลอม อย่าแชร์! อ้างยาสมุนไพรต้านเชื้อโควิด-19 รักษาหายแล้วจริง</p>,อ้างยาสมุนไพรต้านเชื้อโควิด-19 รักษาหายแล้วจริง,fake
<p>ครม.ไฟเขียวเลื่อนเปิดเทอมจาก 16 พ.ค.เป็น 1 ก.ค.63 จริงหรือ?</p>,ครม.ไฟเขียวเลื่อนเปิดเทอมจาก 16 พ.ค.เป็น 1 ก.ค.63,real
<p>ข่าวปลอม อย่าแชร์! ลือ ก่อนจดทะเบียน อย.ต้องมีตราฮาลาล</p>,ลือ ก่อนจดทะเบียน อย.ต้องมีตราฮาลาล,fake
<p>ข่าวบิดเบือน อย่าแชร์! แชร์สนั่น รัฐฯ ยกอภิสิทธิ์ให้ทหารอเมริกันเหนือคนไทย ไร้มาตรการควบคุม</p>,แชร์สนั่น รัฐฯ ยกอภิสิทธิ์ให้ทหารอเมริกันเหนือคนไทย ไร้มาตรการควบคุม,incorrect
<p>ข่าวปลอม อย่าแชร์! ดื่มน้ำมะนาวร้อน ช่วยต้าน COVID-19</p>,ดื่มน้ำมะนาวร้อน ช่วยต้าน COVID-19,fake
<p>ข่าวบิดเบือน อย่าแชร์! ปตท. ขายแอลกอฮอล์ทำความสะอาด แพงกว่า E85 ทั้งที่มีเอทานอลเป็นส่วนสผมเหมือนกัน</p>,ปตท. ขายแอลกอฮอล์ทำความสะอาด แพงกว่า E85 ทั้งที่มีเอทานอลเป็นส่วนสผมเหมือนกัน,incorrect
<p>ข่าวบิดเบือน อย่าแชร์! ด่วน! ย้ายศูนย์ ศบค. หลังพบ จนท.เริ่มติดเชื้อ COVID-19</p>,ด่วน! ย้ายศูนย์ ศบค. หลังพบ จนท.เริ่มติดเชื้อ COVID-19,incorrect
<p>ข่าวปลอม อย่าแชร์! ลือ ภูเก็ตพบผู้เสียชีวิต 1 รายแรก จากเชื้อ COVID-19</p>,ลือ ภูเก็ตพบผู้เสียชีวิต 1 รายแรก จากเชื้อ COVID-19,fake
<p>แอปพลิเคชัน “Card2U” แหล่งรวมข้อมูล COVID-19 ในที่เดียว</p>,แอปพลิเคชัน “Card2U” แหล่งรวมข้อมูล COVID-19 ,real
"<p>ข่าวปลอม อย่าแชร์! เตรียมเฮ! รับเงิน 5,000 บาท ได้ทุกบ้าน ช่วยทุกคน ถ้าสถานการณ์ไม่ดีขึ้น</p>","เตรียมเฮ! รับเงิน 5,000 บาท ได้ทุกบ้าน ช่วยทุกคน ถ้าสถานการณ์ไม่ดีขึ้น",fake
<p>7 เม.ย. ธนาคารพาณิชย์-ธนาคารเฉพาะกิจของรัฐ กลับสู่การบริการปกติ</p>,7 เม.ย. ธนาคารพาณิชย์-ธนาคารเฉพาะกิจของรัฐ กลับสู่การ,real
<p>ข่าวบิดเบือน อย่าแชร์! รัฐบาลไทยใช้งบชื้อยา Favilavier จากจีน แต่ปฎิเสธการรับยา Avigan ฟรีจากญี่ปุ่น</p>,รัฐบาลไทยใช้งบชื้อยา Favilavier จากจีน แต่ปฎิเสธการรับยา Avigan ฟรีจากญี่ปุ่น,incorrect
<p>ข่าวบิดเบือน อย่าแชร์! ลือ ประกาศ! เคอร์ฟิว 24 ชม.ทั่วประเทศ</p>,ลือ ประกาศ! เคอร์ฟิว 24 ชม.ทั่วประเทศ,incorrect
<p>ข่าวปลอม อย่าแชร์! เตือนภัย กรุงเทพฯ จะจมอยู่ใต้น้ำในปี 2563</p>,เตือนภัย กรุงเทพฯ จะจมอยู่ใต้น้ำในปี 2563,fake
<p>วันจักรี</p>,วันจัก,real
<p>ข่าวปลอม อย่าแชร์! สธ.ปกปิดข้อมูล จำนวนผู้ที่รอผลตรวจเชื้อ COVID-19</p>,สธ.ปกปิดข้อมูล จำนวนผู้ที่รอผลตรวจเชื้อ COVID-19,fake
"<p>ข่าวปลอม อย่าแชร์! ลงทะเบียนรับเงินเยียวยา 5,000 บาทไม่สำเร็จ แนะให้ซื้อซิมใหม่เพื่อลงทะเบียน</p>","ลงทะเบียนรับเงินเยียวยา 5,000 บาทไม่สำเร็จ แนะให้ซื้อซิมใหม่เพื่อลงทะเบียน",fake
"<p>ข่าวปลอม อย่าแชร์! จำนวนเบื้องต้น ผู้ที่ได้รับเงินเยียวยา 5,000 บาท จากรัฐ</p>","จำนวนเบื้องต้น ผู้ที่ได้รับเงินเยียวยา 5,000 บาท จากรัฐ",fake
<p>ข่าวบิดเบือน อย่าแชร์! งดบริการเรือข้ามฟาก 1 เดือน เพื่อป้องกันการแพร่ระบาดของ COVID-19</p>,งดบริการเรือข้ามฟาก 1 เดือน เพื่อป้องกันการแพร่ระบาดของ COVID-19,incorrect
<p>ข่าวปลอม อย่าแชร์!! คลิปถ่ายทอดสด ปล้นซูเปอร์มาร์เก็ตในจังหวัดเชียงราย</p>, คลิปถ่ายทอดสด ปล้นซูเปอร์มาร์เก็ตในจังหวัดเชียงราย,fake
<p>ข่าวปลอม อย่าแชร์! หน้ากากอนามัยที่โพสต์ขายทางออนไลน์ ได้รับบริจาค จากต่างประเทศ</p>,หน้ากากอนามัยที่โพสต์ขายทางออนไลน์ ได้รับบริจาค จากต่างประเทศ,fake
<p>ข่าวปลอม อย่าแชร์! ลือ เพียงดื่มน้ำอุ่นหรือน้ำร้อน สามารถฆ่าเชื้อ COVID-19 ได้</p>,ลือ เพียงดื่มน้ำอุ่นหรือน้ำร้อน สามารถฆ่าเชื้อ COVID-19 ได้,fake
<p>คนไทย 152 คน ที่เดินทางกลับจากต่างประเทศในวันที่ 3 เม.ย. 63 ให้มารายงานตัวภายในเวลา 18.00 น. ของวันที่ 4 เม.ย. 63</p>,คนไทย 152 คน ที่เดินทางกลับจากต่างประเทศในวันที่ 3 เม.ย. 63 ให้มารายงานตัวภายในเวลา 18.00 น. ของวันที่ ,real
<p>ข่าวปลอม อย่าแชร์! หากรพ.ขอรับบริจาคอุปกรณ์ทางการแพทย์ให้แจ้งมาที่องค์การเภสัชกรรม</p>,หากรพ.ขอรับบริจาคอุปกรณ์ทางการแพทย์ให้แจ้งมาที่องค์การเภสัชกรรม,fake
<p>ข่าวบิดเบือน อย่าแชร์! กระทรวงการต่างประเทศฝ่าฝืนคำสั่ง ออกเอกสารให้คนเดินทางเข้าประเทศไทย</p>,กระทรวงการต่างประเทศฝ่าฝืนคำสั่ง ออกเอกสารให้คนเดินทางเข้าประเทศไทย,incorrect
"<p>ข่าวปลอม อย่าแชร์!! มัคคุเทศก์ตกงานจะได้รับเงินช่วยเหลือ 2,000 บาท จาก พมจ.</p>"," มัคคุเทศก์ตกงานจะได้รับเงินช่วยเหลือ 2,000 บาท จาก พมจ.",fake
<p>ข่าวปลอม อย่าแชร์! ด่วน! ยาต้าน COVID-19 (Favipiravir) กำลังจะหมด</p>,ด่วน! ยาต้าน COVID-19 (Favipiravir) กำลังจะหมด,fake
<p>ข่าวปลอม อย่าแชร์! แพทย์ศิริราชแนะวิธีรักษา COVID-19 ด้วยการกินกระเทียม</p>,แพทย์ศิริราชแนะวิธีรักษา COVID-19 ด้วยการกินกระเทียม,fake
<p>ข่าวปลอม อย่าแชร์! ทหารทุ่มงบ ฉีดพ่นฆ่าเชื้อบนท้องถนนกว่า 22 ล้าน</p>,ทหารทุ่มงบ ฉีดพ่นฆ่าเชื้อบนท้องถนนกว่า 22 ล้าน,fake
<p>ข่าวบิดเบือน อย่าแชร์! ลือ! ลดเวลาและวันทำงานของราชการ ทำให้ปฏิบัติงานกันน้อยลง</p>,ลือ! ลดเวลาและวันทำงานของราชการ ทำให้ปฏิบัติงานกันน้อยลง,incorrect
<p>ข่าวปลอม อย่าแชร์! แฉ! ต้นตอไฟป่ามาจากเจ้าหน้าที่ หวังเบิกงบประมาณ</p>,แฉ! ต้นตอไฟป่ามาจากเจ้าหน้าที่ หวังเบิกงบประมาณ,fake
<p>ข่าวปลอม อย่าแชร์! ไลน์ธนาคารออมสิน GSB Socity ชักชวนให้เป็นเพื่อนพร้อมให้คำแนะนำด้านการเงิน</p>,ไลน์ธนาคารออมสิน GSB Socity ชักชวนให้เป็นเพื่อนพร้อมให้คำแนะนำด้านการเงิน,fake
<p>ข่าวบิดเบือน อย่าแชร์! ลงทะเบียนเราไม่ทิ้งกัน ถูกตัดสิทธิ์กว่า 2.74 ล้านคน</p>,ลงทะเบียนเราไม่ทิ้งกัน ถูกตัดสิทธิ์กว่า 2.74 ล้านคน,incorrect
<p>ข่าวบิดเบือน อย่าแชร์! ประกาศสถานการณ์ฉุกเฉิน เคอร์ฟิว 24 ชั่วโมง ห้ามออกนอกบ้านเด็ดขาด!</p>,ประกาศสถานการณ์ฉุกเฉิน เคอร์ฟิว 24 ชั่วโมง ห้ามออกนอกบ้านเด็ดขาด!,incorrect
"<p>ข่าวปลอม อย่าแชร์! ฉลองวันเกิด บริษัทสินค้ากีฬาชื่อดัง มอบรองเท้าและเสื้อยืดฟรี 3,100 คู่</p>","ฉลองวันเกิด บริษัทสินค้ากีฬาชื่อดัง มอบรองเท้าและเสื้อยืดฟรี 3,100 คู่",fake
<p>ข่าวปลอม อย่าแชร์! ยาบ้าสามารถรักษาโรคโควิด-19 ได้</p>,ยาบ้าสามารถรักษาโรคโควิด-19 ได้,fake
<p>จังหวัดสกลนครสั่งปิดห้ามขายสุรา 31 มี.ค.-16 เม.ย. จริงหรือ?</p>,จังหวัดสกลนครสั่งปิดห้ามขายสุรา 31 มี.ค.-16 เม.ย.,real
<p>ข่าวบิดเบือน อย่าแชร์! ค่ายมือถือเสนอซิมราคาถูกให้น.ศ. แต่กระทรวงดิจิทัลฯ ทำให้ราคาสูงขึ้น</p>,ค่ายมือถือเสนอซิมราคาถูกให้น.ศ. แต่กระทรวงดิจิทัลฯ ทำให้ราคาสูงขึ้น,incorrect
<p>ข่าวปลอม อย่าแชร์! ลือ พบพนักงานธนาคารอิสลามแห่งประเทศไทยติดเชื้อ COVID-19</p>,ลือ พบพนักงานธนาคารอิสลามแห่งประเทศไทยติดเชื้อ COVID-19,fake
<p>ข่าวปลอม อย่าแชร์! รัฐบาลประกาศเปิดศูนย์ฟิตเนสและยิมก่อนกำหนด</p>,รัฐบาลประกาศเปิดศูนย์ฟิตเนสและยิมก่อนกำหนด,fake
<p>ข่าวปลอม อย่าแชร์! พื้นที่เสี่ยงในพื้นที่กองบังคับการตำรวจนครบาล 5 จำนวน 37 แห่ง</p>,พื้นที่เสี่ยงในพื้นที่กองบังคับการตำรวจนครบาล 5 จำนวน 37 แห่ง,fake
<p>ข่าวปลอม อย่าแชร์! ลือ พนักงานคัดแยกพัสดุของบริษัทจัดส่งพัสดุแห่งหนึ่งติดเชื้อ COVID-19</p>,ลือ พนักงานคัดแยกพัสดุของบริษัทจัดส่งพัสดุแห่งหนึ่งติดเชื้อ COVID-19,fake
<p>กสทช. ประกาศ! ให้ใช้เน็ตมือถือฟรี 10 GB เริ่ม 10 เม.ย.นี้ จริงหรือ?</p>,กสทช. ประกาศ! ให้ใช้เน็ตมือถือฟรี 10 GB เริ่ม 10 เม.ย.นี้,real
<p>ข่าวปลอม อย่าแชร์! ว่อน! ประกาศอุดรธานีเตรียมปิดทางเข้า-ออกจังหวัด</p>,ว่อน! ประกาศอุดรธานีเตรียมปิดทางเข้า-ออกจังหวัด,fake
<p>ข่าวบิดเบือน อย่าแชร์! รวมรายชื่อสมุนไพรไทย เพิ่มภูมิต้านทาน และมีฤทธิ์ป้องกัน COVID-19 จากสธ.</p>,รวมรายชื่อสมุนไพรไทย เพิ่มภูมิต้านทาน และมีฤทธิ์ป้องกัน COVID-19 จากสธ.,incorrect
<p>ข่าวบิดเบือน อย่าแชร์! แพทย์แนะกิน ใบเหมียงหรือใบเหลียง สร้างภูมิคุ้มกัน ต้าน COVID-19</p>,แพทย์แนะกิน ใบเหมียงหรือใบเหลียง สร้างภูมิคุ้มกัน ต้าน COVID-19,incorrect
<p>ข่าวบิดเบือน อย่าแชร์! รองผู้ว่าฯ จังหวัดอุดรธานี สั่งปิดร้านสะดวกซื้อชื่อดังจังหวัด</p>,รองผู้ว่าฯ จังหวัดอุดรธานี สั่งปิดร้านสะดวกซื้อชื่อดังจังหวัด,incorrect
<p>เตือน! April Fool’s Day สร้างข่าวปลอม แชร์ข่าวปลอม มีความผิดตามกฎหมาย</p>,เตือน! April Fool’s Day สร้างข่าวปลอม แชร์ข่าวปลอม มีความผิ,real
"<p>ข่าวปลอม อย่าแชร์! แชร์ว่อน! แจ้งผลการลงทะเบียนเยียวยา 5,000 บาท แบบเสร็จสมบูรณ์ทางอีเมล</p>","แชร์ว่อน! แจ้งผลการลงทะเบียนเยียวยา 5,000 บาท แบบเสร็จสมบูรณ์ทางอีเมล",fake
<p>ข่าวปลอม อย่าแชร์! รพ.วชิระภูเก็ต ประกาศขอความช่วยเหลือด่วนในสถานการณ์ฉุกเฉิน</p>,รพ.วชิระภูเก็ต ประกาศขอความช่วยเหลือด่วนในสถานการณ์ฉุกเฉิน,fake
<p>ข่าวปลอม อย่าแชร์! แชร์สนั่น! รัฐบาลเตรียมประกาศเคอร์ฟิวห้ามออกนอกบ้าน 24 ชม. ภายในสัปดาห์หน้า</p>,แชร์สนั่น! รัฐบาลเตรียมประกาศเคอร์ฟิวห้ามออกนอกบ้าน 24 ชม. ภายในสัปดาห์หน้า,fake
<p>ผบ.สส. ยืนยันยังไม่มีเคอร์ฟิว แต่ย้ำว่าเชื้อโรคไม่มีเวลาหยุด จริงหรือ?</p>,ผบ.สส. ยืนยันยังไม่มีเคอร์ฟิว แต่ย้ำว่าเชื้อโรคไม่มีเวลาหยุด,real
<p>ข่าวปลอม อย่าแชร์! นายกฯ สั่งให้ รองนายกฯ กู้เงิน IMF</p>,นายกฯ สั่งให้ รองนายกฯ กู้เงิน IMF,fake
"<p>ข่าวปลอม อย่าแชร์! ฉลองวันครบรอบ ซุปเปอร์มาร์เก็ตชื่อดัง แจกคูปองมูลค่า 1,500 บาท</p>","ฉลองวันครบรอบ ซุปเปอร์มาร์เก็ตชื่อดัง แจกคูปองมูลค่า 1,500 บาท",fake
<p>ข่าวบิดเบือน อย่าแชร์! ธนาคารออมสินออกมาตรการช่วยมนุษย์เงินเดือนที่ไม่ได้รับเงินเยียวยา จากการลงทะเบียนเว็บ “เราไม่ทิ้งกัน”</p>,ธนาคารออมสินออกมาตรการช่วยมนุษย์เงินเดือนที่ไม่ได้รับเงินเยียวยา จากการลงทะเบียนเว็บ “เราไม่ทิ้งกัน”,incorrect
"<p>ข่าวปลอม อย่าแชร์! ซุปเปอร์มาร์เก็ตชื่อดัง แจกคูปองมูลค่า 1,500 บาท</p>","ซุปเปอร์มาร์เก็ตชื่อดัง แจกคูปองมูลค่า 1,500 บาท",fake
<p>ข่าวปลอม อย่าแชร์! เตรียมอนุมัติ ให้บัตรสวัสดิการแห่งรัฐกดเงินสดได้</p>,เตรียมอนุมัติ ให้บัตรสวัสดิการแห่งรัฐกดเงินสดได้,fake
<p>ข่าวปลอม อย่าแชร์! ห้ามใช้อินเตอร์เน็ตว่าร้ายรัฐบาล</p>,ห้ามใช้อินเตอร์เน็ตว่าร้ายรัฐบาล,fake
<p>ข่าวบิดเบือน อย่าแชร์! พบสินค้าขายเกินราคาแจ้งสายด่วน 1569 หรือแอปพลิเคชัน DLD 4.0</p>,พบสินค้าขายเกินราคาแจ้งสายด่วน 1569 หรือแอปพลิเคชัน DLD 4.0,incorrect
<p>ข่าวปลอม อย่าแชร์! รัฐหลอกให้ลงทะเบียน เพื่อจะเรียกเก็บภาษีย้อนหลัง</p>,รัฐหลอกให้ลงทะเบียน เพื่อจะเรียกเก็บภาษีย้อนหลัง,fake
<p>ข่าวปลอม อย่าแชร์! นักศึกษามหาวิทยาลัยชื่อดังย่านบางซื่อ ติดเชื้อ COVID-19</p>,นักศึกษามหาวิทยาลัยชื่อดังย่านบางซื่อ ติดเชื้อ COVID-19,fake
<p>ข่าวปลอม อย่าแชร์! พนักงานธนาคารกรุงไทย สาขาโชคชัย 4 ติดเชื้อ COVID-19</p>,พนักงานธนาคารกรุงไทย สาขาโชคชัย 4 ติดเชื้อ COVID-19,fake
<p>ข่าวบิดเบือน อย่าแชร์! เปิดรับบริจาคอุปกรณ์จำเป็นในการดับไฟป่า บริจาคได้ที่ด่านตรวจห้วยแก้ว อุทยานแห่งชาติดอยสุเทพ</p>,เปิดรับบริจาคอุปกรณ์จำเป็นในการดับไฟป่า บริจาคได้ที่ด่านตรวจห้วยแก้ว อุทยานแห่งชาติดอยสุเทพ,incorrect
<p>เปิด 6 ข้อห้าม ใน พ.ร.ก.ฉุกเฉิน คุมการระบาด COVID-19 จริงหรือ?</p>,เปิด 6 ข้อห้าม ใน พ.ร.ก.ฉุกเฉิน คุมการระบาด COVID-19,real
"<p>ข่าวปลอม อย่าแชร์! รัฐบาล! เตรียมมาตรการรองรับคนไทย 7,000 คน กลับจากอิตาลี</p>","รัฐบาล! เตรียมมาตรการรองรับคนไทย 7,000 คน กลับจากอิตาลี",fake
<p>ข่าวปลอม อย่าแชร์! ร้านสะดวกซื้อชื่อดัง แจกบัตรกำนัลมูลค่า 500 บาท</p>,ร้านสะดวกซื้อชื่อดัง แจกบัตรกำนัลมูลค่า 500 บาท,fake
<p>ข่าวปลอม อย่าแชร์! ร่วมทำแบบสำรวจ มีสิทธิ์ลุ้นของรางวัล จาก CAT TELECOM</p>,ร่วมทำแบบสำรวจ มีสิทธิ์ลุ้นของรางวัล จาก CAT TELECOM,fake
<p>ข่าวปลอม อย่าแชร์! ชาวเน็ตพบโค้ดเว็บเราไม่ทิ้งกันผิดปกติ เหมือนจงใจให้เว็บล่มหรือปิด</p>,ชาวเน็ตพบโค้ดเว็บเราไม่ทิ้งกันผิดปกติ เหมือนจงใจให้เว็บล่มหรือปิด,fake
<p>ข่าวปลอม อย่าแชร์! เมื่อประกาศ พ.ร.ก.ฉุกเฉินฯ ประเทศไทยจะมีข้อบังคับการสื่อสารใหม่</p>,เมื่อประกาศ พ.ร.ก.ฉุกเฉินฯ ประเทศไทยจะมีข้อบังคับการสื่อสารใหม่,fake
<p>ข่าวปลอม อย่าแชร์! ด่านท่าฉัตรไชย สะพานสารสิน พบแรงงานแห่กลับบ้านจำนวนมาก</p>,ด่านท่าฉัตรไชย สะพานสารสิน พบแรงงานแห่กลับบ้านจำนวนมาก,fake
<p>ข่าวบิดเบือน อย่าแชร์! สมุนไพรพื้นบ้านรักษาโรคเบาหวาน</p>,สมุนไพรพื้นบ้านรักษาโรคเบาหวาน,incorrect
<p>ข่าวปลอม อย่าแชร์ กระทรวงพาณิชย์ห้ามผู้ผลิตไข่ไก่ นำสินค้าออกมาวางจำหน่าย เพื่อหวังขึ้นราคา</p>,ข่าวปลอม อย่าแชร์ กระทรวงพาณิชย์ห้ามผู้ผลิตไข่ไก่ นำสินค้าออกมาวางจำหน่าย เพื่อหว,real
"<p>ข่าวปลอม อย่าแชร์! เตือน! ภาพผลการลงทะเบียนเสร็จสิ้น รับเงิน 5,000 บาท ของจริงต้องแสดงเครื่องหมายถูกต้องสีเขียว</p>","เตือน! ภาพผลการลงทะเบียนเสร็จสิ้น รับเงิน 5,000 บาท ของจริงต้องแสดงเครื่องหมายถูกต้องสีเขียว",fake
<p>ข่าวปลอม อย่าแชร์! เรือนจำอุดรธานีขาดแคลนทุกอย่าง ขอความช่วยเหลือด่วน</p>,เรือนจำอุดรธานีขาดแคลนทุกอย่าง ขอความช่วยเหลือด่วน,fake
<p>ข่าวบิดเบือน อย่าแชร์! ผู้ว่าฯ ภูเก็ต ประกาศเคอร์ฟิว ห้ามออกจากบ้านตั้งแต่เวลา 17.00-24.00น.</p>,ผู้ว่าฯ ภูเก็ต ประกาศเคอร์ฟิว ห้ามออกจากบ้านตั้งแต่เวลา 17.00-24.00น.,incorrect
"<p>ข่าวปลอม อย่าแชร์! 44 เว็บไซต์ เชิญชวนประชาชนลงทะเบียน รับเงิน 5,000 บาท เยียวยา COVID-19</p>","44 เว็บไซต์ เชิญชวนประชาชนลงทะเบียน รับเงิน 5,000 บาท เยียวยา COVID-19",fake
"<p>โปรดระวัง! เว็บไซต์ปลอม และมิจฉาชีพรับจ้างลงทะเบียนรับเงินเยียวยา 5,000 บาท</p>",โปรดระวัง! เว็บไซต์ปลอม และมิจฉาชีพรับจ้างลงทะเบียนรับเงินเยียวยา,real
<p>ข่าวปลอม อย่าแชร์! แชร์สูตรป้องกันและรักษา COVID-19 ด้วยการทานเนื้อดิบ</p>,แชร์สูตรป้องกันและรักษา COVID-19 ด้วยการทานเนื้อดิบ,fake
<p>ข่าวบิดเบือน อย่าแชร์! จุฬาราชมนตรีส่งเอกสารบังคับผู้ว่าฯ ทั่วประเทศไทย</p>,จุฬาราชมนตรีส่งเอกสารบังคับผู้ว่าฯ ทั่วประเทศไทย,incorrect
"<p>ธนาคารปิดเสาร์-อาทิตย์ทั่วประเทศ ประชาชนสามารถรับมาตรการเยียวยา 5,000 บาท ผ่านทางช่องทางออนไลน์ได้ เริ่มวันเสาร์ที่ 28 มีนาคม 2563 ตั้งแต่ 18.00 น. จริงหรือ?</p>","ธนาคารปิดเสาร์-อาทิตย์ทั่วประเทศ ประชาชนสามารถรับมาตรการเยียวยา 5,000 บาท ผ่านทางช่องทางออนไลน์ได้ เริ่มวันเสาร์ที่ 28 มีนาคม 2563 ตั้งแต่ 18.00 น.",real
<p>ข่าวปลอม อย่าแชร์! ธนาคารออมสินแจ้ง! ผู้ถือบัตรสวัสดิการแห่งรัฐ ไม่ได้รับเงิน 5 พันบาท ตามมาตรการการเยียวยาของรัฐบาล</p>,ธนาคารออมสินแจ้ง! ผู้ถือบัตรสวัสดิการแห่งรัฐ ไม่ได้รับเงิน 5 พันบาท ตามมาตรการการเยียวยาของรัฐบาล,fake
<p>ข่าวปลอม อย่าแชร์! ยืนตากแดด ช่วยฆ่าเชื้อ COVID-19</p>,ยืนตากแดด ช่วยฆ่าเชื้อ COVID-19,fake
<p>ข่าวปลอม อย่าแชร์! สาวแบงก์กรุงไทย ติด COVID-19 แล้วให้บริการลูกค้า 1-200 คนต่อวัน</p>,สาวแบงก์กรุงไทย ติด COVID-19 แล้วให้บริการลูกค้า 1-200 คนต่อวัน,fake
<p>ข่าวบิดเบือน อย่าแชร์! สูตรทำน้ำยาฆ่าเชื้อไวรัส COVID-19 ด้วยน้ำยาซักผ้าขาว</p>,สูตรทำน้ำยาฆ่าเชื้อไวรัส COVID-19 ด้วยน้ำยาซักผ้าขาว,incorrect
<p>ข่าวปลอม อย่าแชร์! รับประทานไข่ต้มต้าน COVID-19</p>,รับประทานไข่ต้มต้าน COVID-19,fake
<p>ข่าวปลอม อย่าแชร์! เผยวิธีฆ่าเชื้อไวรัส COVID-19 ด้วยน้ำเกลือ และน้ำมะนาว</p>,เผยวิธีฆ่าเชื้อไวรัส COVID-19 ด้วยน้ำเกลือ และน้ำมะนาว,fake
<p>ข่าวปลอม อย่าแชร์! แชร์ว่อน คลิปวิดีโอวิธีตรวจสอบแอลกอฮอล์เจล โดยการเอาไปถูกับใบเสร็จรับเงิน</p>,แชร์ว่อน คลิปวิดีโอวิธีตรวจสอบแอลกอฮอล์เจล โดยการเอาไปถูกับใบเสร็จรับเงิน,fake
<p>ข่าวปลอม อย่าแชร์! เสพกัญชา ทำให้เชื้อ COVID-19 ฝังตัวไม่ได้</p>,เสพกัญชา ทำให้เชื้อ COVID-19 ฝังตัวไม่ได้,fake
<p>ข่าวปลอม อย่าแชร์! 3 วิธีรักษาโรคมะเร็งด้วยตนเอง</p>,3 วิธีรักษาโรคมะเร็งด้วยตนเอง,fake
<p>ข่าวปลอม อย่าแชร์! ยาสมุนไพรชนิดแคปซูล ช่วยรักษา COVID-19</p>,ยาสมุนไพรชนิดแคปซูล ช่วยรักษา COVID-19,fake
<p>ข่าวปลอม อย่าแชร์! แชร์สนั่น คลิปถ่ายทอดสด โจรเข้าปล้นซูเปอร์มาร์เก็ตในจังหวัดเชียงใหม่</p>,แชร์สนั่น คลิปถ่ายทอดสด โจรเข้าปล้นซูเปอร์มาร์เก็ตในจังหวัดเชียงใหม่,fake
<p>ข่าวบิดเบือน อย่าแชร์! 13 สมุนไพร มีติดบ้าน ต้านโรคภัย จากไวรัส COVID-19</p>,13 สมุนไพร มีติดบ้าน ต้านโรคภัย จากไวรัส COVID-19,incorrect
<p>ข่าวปลอม อย่าแชร์! ว่อน! โซเซียล หลังการขอคืนเงินประกันมิเตอร์ไฟฟ้า ปชช.จะเสียสิทธิ์ที่พึงจะได้รับทั้งระบบ</p>,ว่อน! โซเซียล หลังการขอคืนเงินประกันมิเตอร์ไฟฟ้า ปชช.จะเสียสิทธิ์ที่พึงจะได้รับทั้งระบบ,fake
"<p>ข่าวปลอม แชร์ว่อน! คลิปสัมภาษณ์ ผวจ.สุรินทร์ เผย สถานการณ์ COVID-19 มีคนติดเชื้อ 100,000 คน</p>",ข่าวปลอม แชร์ว่อน! คลิปสัมภาษณ์ ผวจ.สุรินทร์ เผย สถานการณ์ COVID-19 มีคนติดเชื้อ ,real
<p>ข่าวปลอม อย่าแชร์! “คนผ่านด่านตรวจ ไม่มีแมสปิดปาก จับปรับ 200 บาท”</p>,“คนผ่านด่านตรวจ ไม่มีแมสปิดปาก จับปรับ 200 บาท”,fake
<p>ข่าวปลอม อย่าแชร์! เกษตรกร ผู้สูงอายุ และผู้ถือบัตรสวัสดิการแห่งรัฐ ร้อง!! ไร้เงินเยียวยาตามมาตรการรัฐฯ</p>,เกษตรกร ผู้สูงอายุ และผู้ถือบัตรสวัสดิการแห่งรัฐ ร้อง!! ไร้เงินเยียวยาตามมาตรการรัฐฯ,fake
<p>ข่าวปลอม อย่าแชร์! ลือ เทศบาลหนึ่งในจังหวัดสมุทรปราการ บังคับพนักงานทำหน้ากากผ้า 1 แสนชิ้น</p>,ลือ เทศบาลหนึ่งในจังหวัดสมุทรปราการ บังคับพนักงานทำหน้ากากผ้า 1 แสนชิ้น,fake
<p>ข่าวปลอม อย่าแชร์! ยาป้องกันและรักษาโรคไวรัสปอดอักเสบ COVID-19</p>,ยาป้องกันและรักษาโรคไวรัสปอดอักเสบ COVID-19,fake
<p>ข่าวปลอม อย่าแชร์! อสม. ขอรับบริจาคเงินทุก 100 บาท ทำหน้ากากผ้า 66 ผืน</p>,อสม. ขอรับบริจาคเงินทุก 100 บาท ทำหน้ากากผ้า 66 ผืน,fake
<p>ข่าวปลอม อย่าแชร์! สมุนไพรไทยใกล้ตัว รักษาโควิด–19</p>,สมุนไพรไทยใกล้ตัว รักษาโควิด–19,fake
<p>ข่าวปลอม อย่าแชร์! ประกาศแล้ว เวลาเคอร์ฟิวของ พ.ร.ก. ฉุกเฉิน</p>,ประกาศแล้ว เวลาเคอร์ฟิวของ พ.ร.ก. ฉุกเฉิน,fake
<p>ข่าวปลอม อย่าแชร์! คณบดีคณะแพทยศาสตร์ศิริราชพยาบาล แจ้งวิธีปฏิบัติตัวในช่วงการแพร่ระบาดเชื้อไวรัสโควิด-19</p>,คณบดีคณะแพทยศาสตร์ศิริราชพยาบาล แจ้งวิธีปฏิบัติตัวในช่วงการแพร่ระบาดเชื้อไวรัสโควิด-19,fake
<p>ข่าวปลอม อย่าแชร์! เตือน! ไฟฉายมือถือส่องเบรกเกอร์คัตเอาต์ทำให้ระเบิด</p>,เตือน! ไฟฉายมือถือส่องเบรกเกอร์คัตเอาต์ทำให้ระเบิด,fake
<p>ข่าวปลอม อย่าแชร์! ดื่มน้ำต้มที่มีส่วนผสมของ ขิง ข่า ตะไคร้ หอม กระเทียม  ช่วยป้องกันและรักษา COVID-19</p>,ดื่มน้ำต้มที่มีส่วนผสมของ ขิง ข่า ตะไคร้ หอม กระเทียม  ช่วยป้องกันและรักษา COVID-19,fake
<p>ข่าวปลอม อย่าแชร์! ป้องกันโควิด-19 ด้วยผ้าอนามัยประกบกับหน้ากาก</p>,ป้องกันโควิด-19 ด้วยผ้าอนามัยประกบกับหน้ากาก,fake
<p>ข่าวปลอม อย่าแชร์! ประเทศไทยนำหน้ากากที่จีนส่งให้ ขายต่ออเมริกา</p>,ประเทศไทยนำหน้ากากที่จีนส่งให้ ขายต่ออเมริกา,fake
<p>ข่าวปลอม อย่าแชร์! ดื่มน้ำใบมะละกอปั่นสด ช่วยป้องกันและรักษา COVID-19</p>,ดื่มน้ำใบมะละกอปั่นสด ช่วยป้องกันและรักษา COVID-19,fake
<p>ข่าวบิดเบือน อย่าแชร์! เจ้าหน้าที่ควบคุมโรคจังหวัดสระบุรี ติดเชื้อ COVID-19 จำนวน 3 ราย หลังจากไปปฏิบัติงานที่สนามบินสุวรรณภูมิ</p>,เจ้าหน้าที่ควบคุมโรคจังหวัดสระบุรี ติดเชื้อ COVID-19 จำนวน 3 ราย หลังจากไปปฏิบัติงานที่สนามบินสุวรรณภูมิ,incorrect
<p>ประกันสังคมช่วยลูกจ้างฝ่าวิกฤติ COVID-19 ตกงานรับเงินเดือน 70% ยาว 6 เดือนครึ่ง จริงหรือ?</p>,ประกันสังคมช่วยลูกจ้างฝ่าวิกฤติ COVID-19 ตกงานรับเงินเดือน 70% ยาว 6 เดือนครึ่ง,real
<p>ข่าวปลอม  อย่าแชร์! การบินไทยจ่อล้มละลาย</p>,ข่าวปลอม  อย่าแชร์! การบินไทยจ,real
<p>ข่าวปลอม อย่าแชร์! นายกฯ ลงพื้นที่ปลุกคน สู้ COVID-19 กลางถนน</p>,นายกฯ ลงพื้นที่ปลุกคน สู้ COVID-19 กลางถนน,fake
<p>ข่าวบิดเบือน อย่าแชร์! ธนาคารออมสิน แจกแอลกอฮอล์เจลล้างมือ คนละ 1 ลิตร ทุกสาขาทั่วประเทศ</p>,ธนาคารออมสิน แจกแอลกอฮอล์เจลล้างมือ คนละ 1 ลิตร ทุกสาขาทั่วประเทศ,incorrect
<p>ข่าวปลอม อย่าแชร์! พบผู้ติดเชื้อ COVID-19 ที่โรงพยาบาลในจังหวัดพังงา จำนวน 2 ราย</p>,พบผู้ติดเชื้อ COVID-19 ที่โรงพยาบาลในจังหวัดพังงา จำนวน 2 ราย,fake
<p>หยุดแชร์! ข่าวปลอม รูปภาพ และข้อความที่ไม่เหมาะสม</p>,หยุดแชร์! ข่าวปลอม รูปภาพ และข้อความที่,real
<p>ข่าวปลอม อย่าแชร์! พบผู้ติดเชื้อ COVID-19 ที่โรงพยาบาลแห่งหนึ่งในอำเภอพระพุทธบาท จังหวัดสระบุรี</p>,พบผู้ติดเชื้อ COVID-19 ที่โรงพยาบาลแห่งหนึ่งในอำเภอพระพุทธบาท จังหวัดสระบุรี,fake
<p>ข่าวปลอม อย่าแชร์! ตลาดค้าส่งชื่อดังในจังหวัดปทุมธานี มีผู้ติดเชื้อ COVID-19 เสียชีวิตแล้ว 2 ราย</p>,ตลาดค้าส่งชื่อดังในจังหวัดปทุมธานี มีผู้ติดเชื้อ COVID-19 เสียชีวิตแล้ว 2 ราย,fake
<p>ข่าวปลอม อย่าแชร์! สถานที่อันตราย เสี่ยงติดเชื้อ COVID-19</p>,สถานที่อันตราย เสี่ยงติดเชื้อ COVID-19,fake
<p>ข่าวปลอม อย่าแชร์! พบผู้ติดเชื้อ COVID-19 เสียชีวิต ที่โรงพยาบาลในจังหวัดตราด</p>,พบผู้ติดเชื้อ COVID-19 เสียชีวิต ที่โรงพยาบาลในจังหวัดตราด,fake
<p>ข่าวปลอม อย่าแชร์! ประเทศไทยแพร่ระบาดระดับ 4 แล้ว</p>,ประเทศไทยแพร่ระบาดระดับ 4 แล้ว,fake
<p>คืนเงินนักท่องเที่ยว กรณีไม่สามารถเดินทางได้จากเหตุ COVID-19 จริงหรือ?</p>,คืนเงินนักท่องเที่ยว กรณีไม่สามารถเดินทางได้จากเหตุ COVID-19,real
<p>รถไฟฟ้าเชื่อมท่าอากาศยาน (ARL) ลดค่าตั๋วนอกเวลาเร่งด่วน ช่วยรับมือ COVID-19 จริงหรือ?</p>,รถไฟฟ้าเชื่อมท่าอากาศยาน (ARL) ลดค่าตั๋วนอกเวลาเร่งด่วน ช่วยรับมือ COVID-19,real
<p>อีสานฝนหนัก เตรียมรับพายุฤดูร้อน 20-23 นี้ จริงหรือ?</p>,อีสานฝนหนัก เตรียมรับพายุฤดูร้อน 20-23 นี้,real
<p>ข่าวปลอม อย่าแชร์! จังหวัดสุพรรณบุรี พบผู้ติดเชื้อ COVID-19 จำนวน 196 ราย</p>,จังหวัดสุพรรณบุรี พบผู้ติดเชื้อ COVID-19 จำนวน 196 ราย,fake
<p>เฮลั่น! เลื่อนตั๋วเครื่องบิน-รถไฟ-บขส.ฟรี หลังประกาศเลื่อนสงกรานต์</p>,เฮลั่น! เลื่อนตั๋วเครื่องบิน-รถไฟ-บขส.ฟรี หลังประกาศเลื่,real
<p>ข่าวปลอม อย่าแชร์! แพทยสภาถูกสธ. บังคับให้ระบุโรคผู้ติดเชื้อ COVID-19 เป็นโรคปอดอักเสบ (Pneumonia)</p>,แพทยสภาถูกสธ. บังคับให้ระบุโรคผู้ติดเชื้อ COVID-19 เป็นโรคปอดอักเสบ (Pneumonia),fake
<p>ข่าวปลอม อย่าแชร์! แชร์สนั่น! ไปรษณีย์ไทยห้ามส่งหน้ากากอนามัย และเจลแอลกอฮอล์</p>,แชร์สนั่น! ไปรษณีย์ไทยห้ามส่งหน้ากากอนามัย และเจลแอลกอฮอล์,fake
<p>4 กลุ่มบริษัทเอกชน มอบกรมธรรม์ประกันภัย COVID-19 ฟรี แก่เจ้าหน้าที่สาธารณสุข จริงหรือ?</p>,4 กลุ่มบริษัทเอกชน มอบกรมธรรม์ประกันภัย COVID-19 ฟรี แก่เจ้าหน้าที่สาธารณสุข,real
<p>ตลท. ออกมาตรการช่วยเหลือผู้ประกอบการในตลาดทุนฝ่าวิกฤต COVID-19 จริงหรือ?</p>,ตลท. ออกมาตรการช่วยเหลือผู้ประกอบการในตลาดทุนฝ่าวิกฤต COVID-19,real
<p>ข่าวปลอม สร้างความเข้าใจผิดทางสังคม อย่าแชร์! เจ้าหน้าที่รัฐฯ เปิดพัสดุฯ ทุกชิ้น พร้อมตรวจยึดหน้ากากอนามัย นำไปค้ากำไรต่อ</p>,ข่าวปลอม สร้างความเข้าใจผิดทางสังคม อย่าแชร์! เจ้าหน้าที่รัฐฯ เปิดพัสดุฯ ทุกชิ้น พร้อมตรวจยึดหน้ากากอนามัย นำไป,real
<p>รัฐตั้งเจ้าพนักงานคุมโรค รวมกำนัน ผู้ใหญ่บ้าน ช่วยกันเฝ้าระวัง COVID-19 จริงหรือ?</p>,รัฐตั้งเจ้าพนักงานคุมโรค รวมกำนัน ผู้ใหญ่บ้าน ช่วยกันเฝ้าระวัง COVID-19,real
<p>ข่าวปลอม อย่าแชร์! รัฐฯ กักตุนแอลกอฮอล์ คุมเข้มโรงงานทุกแห่งส่งรัฐฯ 50% ลั่น! ทำไทยเดือดร้อน</p>,รัฐฯ กักตุนแอลกอฮอล์ คุมเข้มโรงงานทุกแห่งส่งรัฐฯ 50% ลั่น! ทำไทยเดือดร้อน,fake
<p>ข่าวบิดเบือน ลูกจ้างที่เฝ้าระวังอาการติดเชื้อ COVID-19 ถูกกักตัว 14 วัน ไม่มีสิทธิได้รับค่าจ้าง</p>,ข่าวบิดเบือน ลูกจ้างที่เฝ้าระวังอาการติดเชื้อ COVID-19 ถูกกักตัว 14 วัน ไม่มีสิทธิได้,real
<p>รัฐสั่งกองทัพอากาศจัดเฮลิคอปเตอร์โปรยน้ำ ลดฝุ่นละออง PM 2.5 ในภาคเหนือ จริงหรือ?</p>,รัฐสั่งกองทัพอากาศจัดเฮลิคอปเตอร์โปรยน้ำ ลดฝุ่นละออง PM 2.5 ในภาคเหนือ,real
<p>ข่าวปลอม อย่าแชร์! สนับสนุนค่าตอบแทนผู้นำศาสนาอิสลามในจังหวัดชายแดนภาคใต้ ปีละ 893 ล้านบาท</p>,สนับสนุนค่าตอบแทนผู้นำศาสนาอิสลามในจังหวัดชายแดนภาคใต้ ปีละ 893 ล้านบาท,fake
<p>นายกฯ ยัน 18-31 มี.ค. ปิดเฉพาะสถานที่ที่มีความเสี่ยงสูง ไม่ได้ปิด กทม. – ปริมณฑล จริงหรือ?</p>,นายกฯ ยัน 18-31 มี.ค. ปิดเฉพาะสถานที่ที่มีความเสี่ยงสูง ไม่ได้ปิด กทม. – ปริมณฑล,real
<p>ข่าวปลอม อย่าแชร์! พบผู้ติดเชื้อ COVID-19 จำนวน 3-4 คนที่ห้างดังย่านบางขุนเทียน</p>,พบผู้ติดเชื้อ COVID-19 จำนวน 3-4 คนที่ห้างดังย่านบางขุนเทียน,fake
<p>ข่าวปลอม อย่าแชร์! พบผู้ติดเชื้อ COVID-19 จำนวน 3 คนที่ตลาดแห่งหนึ่งย่านคลองเตย</p>,พบผู้ติดเชื้อ COVID-19 จำนวน 3 คนที่ตลาดแห่งหนึ่งย่านคลองเตย,fake
<p>กรมบัญชีกลางอนุมัติให้สธ.เบิกจ่ายค่าตอบแทนเสี่ยงภัยให้ให้บุคลากร สู้ COVID-19 จริงหรือ ?</p>,กรมบัญชีกลางอนุมัติให้สธ.เบิกจ่ายค่าตอบแทนเสี่ยงภัยให้ให้บุคลากร สู้ COVID-19 ,real
<p>ข่าวบิดเบือน อย่าแชร์! ประกัน COVID-19 ฟรีสำหรับผู้มีบัตร ATM กรุงไทย คุ้มครอง 60 วัน</p>,ประกัน COVID-19 ฟรีสำหรับผู้มีบัตร ATM กรุงไทย คุ้มครอง 60 วัน,incorrect
<p>ข่าวบิดเบือน อย่าแชร์! ใส่รองเท้าแตะขับรถผิดกฎหมายตาม พรบ.ขนส่งทางบก</p>,ใส่รองเท้าแตะขับรถผิดกฎหมายตาม พรบ.ขนส่งทางบก,incorrect
<p>ยกเลิกวีซ่าฟรี 3 ประเทศ และยกเลิกวีซ่า VOA18 ประเทศ จริงหรือ?</p>,ยกเลิกวีซ่าฟรี 3 ประเทศ และยกเลิกวีซ่า VOA18 ประเทศ,real
<p>ข่าวปลอม อย่าแชร์! บริษัทชื่อดังปิดข่าว หมู ไก่ เป็นโรคเอดส์</p>,บริษัทชื่อดังปิดข่าว หมู ไก่ เป็นโรคเอดส์,fake
<p>ข่าวปลอม อย่าแชร์! กรมควบคุมโรค เปิดรับบริจาค เงิน Notebook และโทรศัพท์ สู้ภัย COVID-19</p>,กรมควบคุมโรค เปิดรับบริจาค เงิน Notebook และโทรศัพท์ สู้ภัย COVID-19,fake
<p>ครม.เห็นชอบ ให้โรงรับจำนำรัฐ กู้เงิน 500 ล้านบาท รองรับสภาพคล่อง จริงหรือ?</p>,ครม.เห็นชอบ ให้โรงรับจำนำรัฐ กู้เงิน 500 ล้านบาท รองรับสภาพคล่อง,real
<p>ข่าวบิดเบือน อย่าแชร์! ภูเก็ตอ้าแขนรับนักท่องเที่ยว 400 คน จากประเทศกลุ่มเสี่ยง แต่บังคับตรวจไข้ทุกวัน</p>,ภูเก็ตอ้าแขนรับนักท่องเที่ยว 400 คน จากประเทศกลุ่มเสี่ยง แต่บังคับตรวจไข้ทุกวัน,incorrect
<p>ข่าวปลอม อย่าแชร์! ยกเลิกการเกณฑ์ทหาร ป้องกัน COVID-19</p>,ยกเลิกการเกณฑ์ทหาร ป้องกัน COVID-19,fake
<p>กปน. แนะผู้ใช้น้ำ ชำระค่าบริการผ่านช่องทางออนไลน์ ลดความเสี่ยงจาก COVID-19 จริงหรือ?</p>,กปน. แนะผู้ใช้น้ำ ชำระค่าบริการผ่านช่องทางออนไลน์ ลดความเสี่ยงจาก COVID-19,real
<p>ข่าวปลอม อย่าแชร์! ลือ เชื้อ COVID-19 อยู่ที่ลำคอ 4 วันก่อนเข้าสู่ปอด กลั้วคอด้วยน้ำอุ่นผสมเกลือ ช่วยฆ่าเชื้อได้</p>,ลือ เชื้อ COVID-19 อยู่ที่ลำคอ 4 วันก่อนเข้าสู่ปอด กลั้วคอด้วยน้ำอุ่นผสมเกลือ ช่วยฆ่าเชื้อได้,fake
<p>ข่าวปลอม อย่าแชร์! เดนมาร์กประกาศ ห้ามประชาชนเดินทางเข้าประเทศไทย</p>,เดนมาร์กประกาศ ห้ามประชาชนเดินทางเข้าประเทศไทย,fake
<p>หากแพทย์ชี้ว่าเป็นผู้ต้องสงสัยติดเชื้อไวรัส COVID-19 สามารถใช้สิทธิประกันสังคม ตรวจและรักษาฟรี จริงหรือ?</p>,หากแพทย์ชี้ว่าเป็นผู้ต้องสงสัยติดเชื้อไวรัส COVID-19 สามารถใช้สิทธิประกันสังคม ตรวจและรักษาฟรี,real
<p>ข่าวปลอม อย่าแชร์! ชุดตรวจเชื้อ COVID-19 ด้วยตนเอง</p>,ชุดตรวจเชื้อ COVID-19 ด้วยตนเอง,fake
<p>ข่าวปลอม อย่าแชร์! รพ.ศิริราชแนะตุนของ จะมีการปิดเมือง</p>,รพ.ศิริราชแนะตุนของ จะมีการปิดเมือง,fake
<p>สพฐ. ตั้งศูนย์เฝ้าระวัง COVID-19 เล็งเลื่อนเปิดภาคเรียน หากระบาดหนัก จริงหรือ?</p>,สพฐ. ตั้งศูนย์เฝ้าระวัง COVID-19 เล็งเลื่อนเปิดภาคเรียน หากระบาดหนัก,real
<p>ข่าวปลอม อย่าแชร์! พบผู้ติดเชื้อ COVID-19 ที่หมู่บ้านในจังหวัดสมุทรปราการ แต่ปิดข่าว</p>,พบผู้ติดเชื้อ COVID-19 ที่หมู่บ้านในจังหวัดสมุทรปราการ แต่ปิดข่าว,fake
<p>ข่าวปลอม อย่าแชร์! เจ้าหน้าที่รักษาความปลอดภัย ที่ศูนย์ราชการแห่งหนึ่ง ติดเชื้อ COVID-19</p>,เจ้าหน้าที่รักษาความปลอดภัย ที่ศูนย์ราชการแห่งหนึ่ง ติดเชื้อ COVID-19,fake
<p>กรมสรรพากร ลดอัตราภาษีเงินได้หัก ณ ที่จ่าย จาก 3% เหลือ 1.5% จริงหรือ?</p>,กรมสรรพากร ลดอัตราภาษีเงินได้หัก ณ ที่จ่าย จาก 3% เหลือ 1.5%,real
<p>ข่าวปลอม อย่าแชร์! ลือ ติดเชื้อ COVID-19 ทั้งครอบครัว ที่ตำบลแห่งหนึ่งในจังหวัดสระแก้ว</p>,ลือ ติดเชื้อ COVID-19 ทั้งครอบครัว ที่ตำบลแห่งหนึ่งในจังหวัดสระแก้ว,fake
<p>ข่าวปลอม อย่าแชร์! ตลาดชื่อดังย่านสัมพันธวงศ์ พบผู้ติดเชื้อ COVID-19 เสียชีวิต 2 ราย</p>,ตลาดชื่อดังย่านสัมพันธวงศ์ พบผู้ติดเชื้อ COVID-19 เสียชีวิต 2 ราย,fake
<p>ข่าวปลอม อย่าแชร์! ร้านสะดวกซื้อชื่อดัง เป็นแหล่งแพร่เชื้อ COVID-19</p>,ร้านสะดวกซื้อชื่อดัง เป็นแหล่งแพร่เชื้อ COVID-19,fake
<p>ข่าวปลอม อย่าแชร์! พบผู้ป่วย COVID-19 ที่โรงพยาบาลแห่งหนึ่งในจังหวัดชัยภูมิ</p>,พบผู้ป่วย COVID-19 ที่โรงพยาบาลแห่งหนึ่งในจังหวัดชัยภูมิ,fake
<p>ข่าวปลอม อย่าแชร์! สพฐ. ตัดวิชาศีลธรรมออก อ้างไม่ได้สอบเข้ามหาวิทยาลัย</p>,สพฐ. ตัดวิชาศีลธรรมออก อ้างไม่ได้สอบเข้ามหาวิทยาลัย,fake
<p>ระวัง! โรคลมแดดเป็นอันตรายถึงชีวิต จริงหรือ?</p>,ระวัง! โรคลมแดดเป็นอันตรายถึงชีวิต,real
<p>ข่าวบิดเบือน อย่าแชร์! ตรวจ COVID-19 ฟรี 18 โรงพยาบาล</p>,ตรวจ COVID-19 ฟรี 18 โรงพยาบาล,incorrect
<p>คืนเงินนักท่องเที่ยว กรณีไม่สามารถเดินทางได้จากเหตุ COVID-19 จริงหรือ?</p>,คืนเงินนักท่องเที่ยว กรณีไม่สามารถเดินทางได้จากเหตุ COVID-19,real
<p>ข่าวปลอม อย่าแชร์! สถานที่เสี่ยง ที่คนติดเชื้อ COVID-19 เคยไป</p>,สถานที่เสี่ยง ที่คนติดเชื้อ COVID-19 เคยไป,fake
<p>คุมเข้ม COVID-19 เดินทางจากประเทศเสี่ยง ต้องมีใบรับรองแพทย์ จริงหรือ?</p>,คุมเข้ม COVID-19 เดินทางจากประเทศเสี่ยง ต้องมีใบรับรองแพทย์,real
<p>ข่าวปลอม อย่าแชร์! พบผู้เสียชีวิต 1 ราย จาก COVID-19 ในจังหวัดนครศรีธรรมราช</p>,พบผู้เสียชีวิต 1 ราย จาก COVID-19 ในจังหวัดนครศรีธรรมราช,fake
<p>ธ.ก.ส.ปล่อยกู้ฉุกเฉิน สำหรับผู้มีรายได้น้อย หวังลดภาระหนี้สิน จริงหรือ?</p>,ธ.ก.ส.ปล่อยกู้ฉุกเฉิน สำหรับผู้มีรายได้น้อย หวังลดภาระหนี้สิน,real
<p>ข่าวปลอม อย่าแชร์! คลิปวิดีโอ แฉทีมแพทย์ในไทยติดเชื้อ COVID-19 ยกทีม แต่ปิดข่าว</p>,คลิปวิดีโอ แฉทีมแพทย์ในไทยติดเชื้อ COVID-19 ยกทีม แต่ปิดข่าว,fake
<p>รัฐเตรียมช่วยเหลือ คนไทยในอิหร่าน และอิตาลี จากสถานการณ์ COVID-19 จริงหรือ?</p>,รัฐเตรียมช่วยเหลือ คนไทยในอิหร่าน และอิตาลี จากสถานการณ์ COVID-19,real
<p>ข่าวปลอม อย่าแชร์! ลือ โรงพยาบาลแห่งหนึ่งในจังหวัดปราจีนบุรีมีผู้เสียชีวิตจาก COVID-19</p>,ลือ โรงพยาบาลแห่งหนึ่งในจังหวัดปราจีนบุรีมีผู้เสียชีวิตจาก COVID-19,fake
<p>ข่าวปลอม อย่าแชร์! ต้าน COVID-19 ด้วยอาหารไทยปักษ์ใต้และข้าวหมาก</p>,ต้าน COVID-19 ด้วยอาหารไทยปักษ์ใต้และข้าวหมาก,fake
<p>ข่าวปลอม อย่าแชร์! พบผู้ติดเชื้อ COVID-19 ที่วัดแห่งหนึ่งในจังหวัดนครปฐม</p>,พบผู้ติดเชื้อ COVID-19 ที่วัดแห่งหนึ่งในจังหวัดนครปฐม,fake
<p>สธ.เตือน! 10 ประเทศเสี่ยง COVID-19 ที่ควรเลี่ยงการเดินทาง จริงหรือ?</p>,สธ.เตือน! 10 ประเทศเสี่ยง COVID-19 ที่ควรเลี่ยงการเดินทาง,real
<p>ข่าวปลอม อย่าแชร์! ลือ พบผู้ป่วย COVID-19 เสียชีวิตที่โรงพยาบาลในจังหวัดศรีสะเกษ</p>,ลือ พบผู้ป่วย COVID-19 เสียชีวิตที่โรงพยาบาลในจังหวัดศรีสะเกษ,fake
<p>ข่าวปลอม อย่าแชร์! หน้ากากอนามัยผ้าสปันบอนด์  เป็นไมโครพลาสติก สูดดมอาจเสี่ยงมะเร็ง</p>,หน้ากากอนามัยผ้าสปันบอนด์  เป็นไมโครพลาสติก สูดดมอาจเสี่ยงมะเร็ง,fake
<p>ข่าวปลอม อย่าแชร์! ลือ! พบผู้ติดเชื้อ COVID-19 ที่โรงพยาบาลแห่งหนึ่งในจังหวัดปทุมธานี</p>,ลือ! พบผู้ติดเชื้อ COVID-19 ที่โรงพยาบาลแห่งหนึ่งในจังหวัดปทุมธานี,fake
<p>การบินไทยประกาศยกเลิกเที่ยวบินไปอิตาลี เหตุ COVID-19 จริงหรือ?</p>,การบินไทยประกาศยกเลิกเที่ยวบินไปอิตาลี เหตุ COVID-19,real
<p>ข่าวปลอม อย่าแชร์! พบผู้ติดเชื้อ COVID-19 ที่โรงเรียนแห่งหนึ่งในจังหวัดเพชรบูรณ์</p>,พบผู้ติดเชื้อ COVID-19 ที่โรงเรียนแห่งหนึ่งในจังหวัดเพชรบูรณ์,fake
<p>ข่าวปลอม อย่าแชร์! มหาวิทยาลัยแห่งหนึ่งในจังหวัดสงขลา พบผู้ป่วยเฝ้าระวัง COVID-19 แต่ปิดข่าว</p>,มหาวิทยาลัยแห่งหนึ่งในจังหวัดสงขลา พบผู้ป่วยเฝ้าระวัง COVID-19 แต่ปิดข่าว,fake
<p>ข่าวปลอม อย่าแชร์! พบผู้เสียชีวิตจำนวน 2 ราย จากการติดเชื้อโควิด-19 ในจังหวัดสุพรรณบุรี</p>,พบผู้เสียชีวิตจำนวน 2 ราย จากการติดเชื้อโควิด-19 ในจังหวัดสุพรรณบุรี,fake
<p>ข่าวปลอม อย่าแชร์! สูตรน้ำผักผลไม้ต้านมะเร็ง</p>,สูตรน้ำผักผลไม้ต้านมะเร็ง,fake
<p>ประกันสังคม ลดจ่ายเงินสมทบเหลือ 4% รับมือ COVID-19 จริงหรือ?</p>,ประกันสังคม ลดจ่ายเงินสมทบเหลือ 4% รับมือ COVID-19,real
<p>ข่าวปลอม อย่าแชร์! สมาชิกวุฒิสภา 250 คน ไปดูงานใช้งบ 69 ล้านบาท</p>,สมาชิกวุฒิสภา 250 คน ไปดูงานใช้งบ 69 ล้านบาท,fake
<p>ข่าวปลอม อย่าแชร์! พบชาวต่างชาติเสียชีวิตจำนวน 1 ราย ด้วยโรค COVID-19 ที่โรงพยาบาลแห่งหนึ่งในจังหวัดภูเก็ต</p>,พบชาวต่างชาติเสียชีวิตจำนวน 1 ราย ด้วยโรค COVID-19 ที่โรงพยาบาลแห่งหนึ่งในจังหวัดภูเก็ต,fake
<p>ข่าวปลอม อย่าแชร์! พบผู้เสียชีวิตด้วยเชื้อ COVID-19 จำนวน 2 ราย ในจังหวัดชุมพร แต่ปิดข่าว</p>,พบผู้เสียชีวิตด้วยเชื้อ COVID-19 จำนวน 2 ราย ในจังหวัดชุมพร แต่ปิดข่าว,fake
<p>ข่าวปลอม อย่าแชร์! จังหวัดเพชรบุรี พบชาวต่างชาติเสียชีวิตด้วยโรค COVID-19 จำนวน 1 ราย</p>,จังหวัดเพชรบุรี พบชาวต่างชาติเสียชีวิตด้วยโรค COVID-19 จำนวน 1 ราย,fake
<p>ข่าวปลอม อย่าแชร์! พืชกระท่อมช่วยยับยั้งเชื้อไวรัส COVID-19 ได้</p>,พืชกระท่อมช่วยยับยั้งเชื้อไวรัส COVID-19 ได้,fake
<p>ข่าวปลอม อย่าแชร์! ดื่มน้ำปั่นใบไม้สด และผักสดที่ไม่ผ่านความร้อน ช่วยรักษามะเร็ง</p>,ดื่มน้ำปั่นใบไม้สด และผักสดที่ไม่ผ่านความร้อน ช่วยรักษามะเร็ง,fake
<p>ข่าวปลอม อย่าแชร์! พบผู้ต้องสงสัยติดเชื้อไวรัส COVID-19  เจ้าหน้าที่ได้หามตัวออกจากร้านสะดวกซื้อ ที่เขตป้อมปราบศัตรูพ่าย</p>,พบผู้ต้องสงสัยติดเชื้อไวรัส COVID-19  เจ้าหน้าที่ได้หามตัวออกจากร้านสะดวกซื้อ ที่เขตป้อมปราบศัตรูพ่าย,fake
<p>กรมอุตุฯ เตือน 12-16 มี.ค. มีพายุฤดูร้อน พื้นที่เสี่ยงเตรียมรับมือ จริงหรือ?</p>,กรมอุตุฯ เตือน 12-16 มี.ค. มีพายุฤดูร้อน พื้นที่เสี่ยงเตรียมรับมือ,real
<p>ข่าวปลอม อย่าแชร์! รักษาสิว ด้วยยาสีฟัน</p>,รักษาสิว ด้วยยาสีฟัน,fake
<p>ข่าวปลอม อย่าแชร์! “ประเทศไทยมีการแพร่ระบาดไวรัส COVID-19 อยู่ในระยะที่ 3”</p>,“ประเทศไทยมีการแพร่ระบาดไวรัส COVID-19 อยู่ในระยะที่ 3”,fake
<p>ข่าวปลอม อย่าแชร์! พบผู้ติดเชื้อ COVID-19 ในตลาดแห่งหนึ่งในจังหวัดสมุทรสงคราม</p>,พบผู้ติดเชื้อ COVID-19 ในตลาดแห่งหนึ่งในจังหวัดสมุทรสงคราม,fake
<p>ข่าวปลอม อย่าแชร์! แผนที่พื้นที่เสี่ยง COVID-19 จังหวัดที่ “ผีน้อย” เดินทางกลับ</p>,แผนที่พื้นที่เสี่ยง COVID-19 จังหวัดที่ “ผีน้อย” เดินทางกลับ,fake
"<p>ข่าวปลอม อย่าแชร์! ตัดงบบัตรทองจาก 13,000 ล้านบาท เหลือ 500 ล้านเนื่องจากเศรษฐกิจไม่ดี</p>","ตัดงบบัตรทองจาก 13,000 ล้านบาท เหลือ 500 ล้านเนื่องจากเศรษฐกิจไม่ดี",fake
<p>ข่าวปลอม อย่าแชร์! ลือ พบผู้ติดเชื้อ COVID-19 ในจังหวัดสุราษฎร์ธานี จำนวน 2 ราย</p>,ลือ พบผู้ติดเชื้อ COVID-19 ในจังหวัดสุราษฎร์ธานี จำนวน 2 ราย,fake
<p>ข่าวปลอม อย่าแชร์! คลิปเสียง อ้างรพ.แห่งหนึ่งในจังหวัดอุดรธานี มีผู้ติดเชื้อ COVID-19 หลายราย แต่รัฐปิดข่าว</p>,คลิปเสียง อ้างรพ.แห่งหนึ่งในจังหวัดอุดรธานี มีผู้ติดเชื้อ COVID-19 หลายราย แต่รัฐปิดข่าว,fake
<p>ข่าวปลอม อย่าแชร์! พบผู้ติดเชื้อ COVID-19 ที่อำเภอแห่งหนึ่งในจังหวัดสุโขทัย 16 ราย และจังหวัดในพิษณุโลก อีก 10 กว่าราย</p>,พบผู้ติดเชื้อ COVID-19 ที่อำเภอแห่งหนึ่งในจังหวัดสุโขทัย 16 ราย และจังหวัดในพิษณุโลก อีก 10 กว่าราย,fake
<p>ข่าวปลอม อย่าแชร์! พบผู้ติดเชื้อ  COVID-19 ที่เขตบางเขน</p>,พบผู้ติดเชื้อ  COVID-19 ที่เขตบางเขน,fake
<p>กรมเจ้าท่ามีมาตรการตรวจจับความเร็วเรือที่ใช้ความเร็วเกินกำหนด จริงหรือ?</p>,กรมเจ้าท่ามีมาตรการตรวจจับความเร็วเรือที่ใช้ความเร็วเกินกำหนด,real
<p>ข่าวปลอม อย่าแชร์! เชื้อไวรัส COVID-19 ระบาดที่ รร.ในจังหวัดร้อยเอ็ด</p>,เชื้อไวรัส COVID-19 ระบาดที่ รร.ในจังหวัดร้อยเอ็ด,fake
"<p>ข่าวปลอม อย่าแชร์! COVID-19 ระบาด ยอดผู้เสียชีวิตในกรุงเทพฯ ถึง 1,000 คน</p>","COVID-19 ระบาด ยอดผู้เสียชีวิตในกรุงเทพฯ ถึง 1,000 คน",fake
<p>ข่าวปลอม อย่าแชร์! สธ.จัดโซนจังหวัดอันตรายเสี่ยง COVID-19</p>,สธ.จัดโซนจังหวัดอันตรายเสี่ยง COVID-19,fake
<p>ข่าวปลอม อย่าแชร์! พบผู้ติดเชื้อ COVID-19 ทั้งครอบครัว ในจังหวัดพิจิตร</p>,พบผู้ติดเชื้อ COVID-19 ทั้งครอบครัว ในจังหวัดพิจิตร,fake
<p>ข่าวปลอม อย่าแชร์! พบผู้ติดเชื้อ COVID-19 จำนวน 2 คน รักษาตัวอยู่ที่โรงพยาบาลในจังหวัดสมุทรปราการ</p>,พบผู้ติดเชื้อ COVID-19 จำนวน 2 คน รักษาตัวอยู่ที่โรงพยาบาลในจังหวัดสมุทรปราการ,fake
<p>ข่าวปลอม อย่าแชร์! สธ. ประกาศ สารแอดโดรกราโฟไลด์ในฟ้าทะลายโจร ช่วยรักษา COVID-19</p>,สธ. ประกาศ สารแอดโดรกราโฟไลด์ในฟ้าทะลายโจร ช่วยรักษา COVID-19,fake
<p>ข่าวปลอม อย่าแชร์! พบผู้ติดเชื้อ COVID-19 แต่ปิดข่าว ที่มหาวิทยาลัยแห่งหนึ่งเขตดุสิต</p>,พบผู้ติดเชื้อ COVID-19 แต่ปิดข่าว ที่มหาวิทยาลัยแห่งหนึ่งเขตดุสิต,fake
<p>ข่าวปลอม อย่าแชร์! พบผู้ติดเชื้อ COVID-19 ที่หมู่บ้าน และโรงพยาบาลแห่งหนึ่ง ในจังหวัดปทุมธานี</p>,พบผู้ติดเชื้อ COVID-19 ที่หมู่บ้าน และโรงพยาบาลแห่งหนึ่ง ในจังหวัดปทุมธานี,fake
<p>ข่าวปลอม อย่าแชร์! โรงพยาบาลแห่งหนึ่งในจังหวัดสกลนคร พบผู้ติดเชื้อไวรัส COVID-19 จำนวน 4-5 คน แต่ปิดข่าว</p>,โรงพยาบาลแห่งหนึ่งในจังหวัดสกลนคร พบผู้ติดเชื้อไวรัส COVID-19 จำนวน 4-5 คน แต่ปิดข่าว,fake
<p>ข่าวปลอม อย่าแชร์! พนักงานห้างย่านพระประแดงติดเชื้อไวรัส COVID-19</p>,พนักงานห้างย่านพระประแดงติดเชื้อไวรัส COVID-19,fake
<p>ข่าวปลอม อย่าแชร์! พบนักเรียนติดเชื้อ COVID-19 จำนวน 15 คน ที่โรงเรียนในจังหวัดเชียงใหม่</p>,พบนักเรียนติดเชื้อ COVID-19 จำนวน 15 คน ที่โรงเรียนในจังหวัดเชียงใหม่,fake
<p>ข่าวปลอม อย่าแชร์! พนักงานห้างดังในอยุธยา ติดเชื้อไวรัส COVID-19</p>,พนักงานห้างดังในอยุธยา ติดเชื้อไวรัส COVID-19,fake
<p>สปสช. อนุมัติงบพันล้าน หนุนโรงพยาบาลรับมือ COVID-19 สร้างความมั่นใจให้ประชาชน จริงหรือ?</p>,สปสช. อนุมัติงบพันล้าน หนุนโรงพยาบาลรับมือ COVID-19 สร้างความมั่นใจให้ประชาชน,real
<p>ข่าวปลอม อย่าแชร์! พบผู้ติดเชื้อไวรัส COVID-19 ถูกกักตัวไว้ที่ รพ.ในจังหวัดนครราชสีมา</p>,พบผู้ติดเชื้อไวรัส COVID-19 ถูกกักตัวไว้ที่ รพ.ในจังหวัดนครราชสีมา,fake
<p>ข่าวปลอม อย่าแชร์! พบผู้ติดเชื้อไวรัส COVID-19 ที่จังหวัดบุรีรัมย์ 20 ราย</p>,พบผู้ติดเชื้อไวรัส COVID-19 ที่จังหวัดบุรีรัมย์ 20 ราย,fake
<p>ข่าวปลอม อย่าแชร์! รพ.ย่านสายไหม พบผู้ป่วยติดเชื้อไวรัส COVID-19</p>,รพ.ย่านสายไหม พบผู้ป่วยติดเชื้อไวรัส COVID-19,fake
<p>ข่าวปลอม อย่าแชร์! พบผู้ติดเชื้อไวรัส COVID-19 ที่โรงพยาบาลย่านราษฎร์บูรณะ</p>,พบผู้ติดเชื้อไวรัส COVID-19 ที่โรงพยาบาลย่านราษฎร์บูรณะ,fake
<p>ข่าวปลอม อย่าแชร์! แผ่นห้อยคอป้องกัน COVID-19</p>,แผ่นห้อยคอป้องกัน COVID-19,fake
<p>ข่าวปลอม อย่าแชร์! จังหวัดอุดรธานีมีผู้ติดเชื้อไวรัส COVID-19 จำนวน 5 ราย</p>,จังหวัดอุดรธานีมีผู้ติดเชื้อไวรัส COVID-19 จำนวน 5 ราย,fake
<p>ข่าวปลอม อย่าแชร์!  ปิดข่าว! พบผู้ติดเชื้อไวรัส COVID-19 ที่ รพ.ในจังหวัดกำแพงเพชร</p>, ปิดข่าว! พบผู้ติดเชื้อไวรัส COVID-19 ที่ รพ.ในจังหวัดกำแพงเพชร,fake
<p>ข่าวปลอม อย่าแชร์!  ปิดข่าว! จังหวัดขอนแก่นมีผู้ติดเชื้อไวรัส COVID-19 จำนวน 3 ราย</p>, ปิดข่าว! จังหวัดขอนแก่นมีผู้ติดเชื้อไวรัส COVID-19 จำนวน 3 ราย,fake
<p>ข่าวปลอม อย่าแชร์!  บางบัวทอง – บางใหญ่  มีผู้ติดเชื้อ COVID-19 แต่ปิดข่าว</p>, บางบัวทอง – บางใหญ่  มีผู้ติดเชื้อ COVID-19 แต่ปิดข่าว,fake
<p>ข่าวปลอม อย่าแชร์! การออกบัตรให้มุสลิมต่างด้าวทางสื่อออนไลน์</p>,การออกบัตรให้มุสลิมต่างด้าวทางสื่อออนไลน์,fake
<p>ข่าวปลอม อย่าแชร์! ดื่มน้ำร้อน ทานขิง กระเทียม พริก ป้องกัน COVID-19</p>,ดื่มน้ำร้อน ทานขิง กระเทียม พริก ป้องกัน COVID-19,fake
<p>ข่าวปลอม อย่าแชร์! รพ.แห่งหนึ่งในจังหวัดนครศรีธรรมราช พบนักเรียนติดเชื้อไวรัส COVID-19 จากเพื่อนที่พักร่วมห้อง</p>,รพ.แห่งหนึ่งในจังหวัดนครศรีธรรมราช พบนักเรียนติดเชื้อไวรัส COVID-19 จากเพื่อนที่พักร่วมห้อง,fake
<p>ข่าวปลอม อย่าแชร์! พนง.ขับรถบรรทุกผลไม้ ติดเชื้อไวรัส COVID-19 เสียชีวิต</p>,พนง.ขับรถบรรทุกผลไม้ ติดเชื้อไวรัส COVID-19 เสียชีวิต,fake
<p>ข่าวบิดเบือน อย่าแชร์! กระทรวงแรงงานไม่มีมาตรการกักตัวผีน้อยเกาหลีใต้กลับไทย แนะ ‘กักตัวเอง’</p>,กระทรวงแรงงานไม่มีมาตรการกักตัวผีน้อยเกาหลีใต้กลับไทย แนะ ‘กักตัวเอง’,incorrect
<p>ข่าวปลอม อย่าแชร์! พนักงานห้างสรรพสินค้า สาขาถลาง ติดเชื้อไวรัส COVID-19</p>,พนักงานห้างสรรพสินค้า สาขาถลาง ติดเชื้อไวรัส COVID-19,fake
<p>การบินไทย ยกเว้นค่าธรรมเนียม ญี่ปุ่น เกาหลี ไต้หวัน และสิงคโปร์ จริงหรือ?</p>,การบินไทย ยกเว้นค่าธรรมเนียม ญี่ปุ่น เกาหลี ไต้หวัน และสิงคโปร์,real
<p>ข่าวบิดเบือน อย่าแชร์! พายุฝนเหลืองจากจีนกระหน่ำไทย ระวัง! ปนเปื้อนเชื้อโรคพร้อมสารเคมี</p>,พายุฝนเหลืองจากจีนกระหน่ำไทย ระวัง! ปนเปื้อนเชื้อโรคพร้อมสารเคมี,incorrect
<p>ข่าวปลอม อย่าแชร์! ข้อมูลจากรพ.ศิริราช แนะกักตุนอาหาร</p>,ข้อมูลจากรพ.ศิริราช แนะกักตุนอาหาร,fake
"<p>ข่าวบิดเบือน อย่าแชร์! ข้าวหอมมะลิราคาพุ่งสูง ตันละ 17,700 บาท</p>","ข้าวหอมมะลิราคาพุ่งสูง ตันละ 17,700 บาท",incorrect
<p>ข่าวบิดเบือน อย่าแชร์! สำนักงานประกันสังคมจ.ชลบุรี มีประชาชนแห่ขึ้นทะเบียนแจ้งตกงานเฉลี่ย 200 คนต่อวัน</p>,สำนักงานประกันสังคมจ.ชลบุรี มีประชาชนแห่ขึ้นทะเบียนแจ้งตกงานเฉลี่ย 200 คนต่อวัน,incorrect
<p>ข่าวบิดเบือน อย่าแชร์! ประกันสังคม จะจ่ายเงินคืนให้ผู้ประกันตนภายใน เดือน พ.ค. 2563</p>,ประกันสังคม จะจ่ายเงินคืนให้ผู้ประกันตนภายใน เดือน พ.ค. 2563,incorrect
<p>ธ.ก.ส. สาขาพญาแล และสาขาหนองกี่ โอนเงินช่วยเหลือค่าเก็บเกี่ยว ไร่ละ 500 บาท ให้เกษตรกร จริงหรือ?</p>,ธ.ก.ส. สาขาพญาแล และสาขาหนองกี่ โอนเงินช่วยเหลือค่าเก็บเกี่ยว ไร่ละ 500 บาท ให้เกษตรกร,real
<p>ข่าวปลอม อย่าแชร์! พบผู้ติดเชื้อ COVID-19 ในโรงพยาบาลย่านศรีราชา</p>,พบผู้ติดเชื้อ COVID-19 ในโรงพยาบาลย่านศรีราชา,fake
<p>ข่าวปลอม อย่าแชร์! อ.บึงสามพัน เพชรบูรณ์ มีคนติดเชื้อ COVID-19 แล้ว เพิ่งเดินทางกลับมาจากต่างประเทศ</p>,อ.บึงสามพัน เพชรบูรณ์ มีคนติดเชื้อ COVID-19 แล้ว เพิ่งเดินทางกลับมาจากต่างประเทศ,fake
<p>ข่าวปลอม อย่าแชร์! มหาวิทยาลัยย่านนครปฐม มีผู้ติดเชื้อไวรัส COVID-19</p>,มหาวิทยาลัยย่านนครปฐม มีผู้ติดเชื้อไวรัส COVID-19,fake
<p>ข่าวปลอม อย่าแชร์! รพ.ที่จังหวัดลำปาง ตรวจพบผู้ติดเชื้อไวรัส COVID-19 กว่า 20 ราย หลังกลับจากไปเที่ยวต่างประเทศ</p>,รพ.ที่จังหวัดลำปาง ตรวจพบผู้ติดเชื้อไวรัส COVID-19 กว่า 20 ราย หลังกลับจากไปเที่ยวต่างประเทศ,fake
<p>ข่าวปลอม อย่าแชร์! มีเด็กติดเชื้อไวรัส COVID-19 ที่โรงเรียนย่านนครปฐม</p>,มีเด็กติดเชื้อไวรัส COVID-19 ที่โรงเรียนย่านนครปฐม,fake
<p>ข่าวปลอม อย่าแชร์! รพ.ย่านพัฒนาการ มีผู้ติดเชื้อ COVID-19 แล้ว 2 ราย</p>,รพ.ย่านพัฒนาการ มีผู้ติดเชื้อ COVID-19 แล้ว 2 ราย,fake
<p>ข่าวปลอม อย่าแชร์! พบผู้ติดเชื้อไวรัส COVID-19 รพ.ย่านลำพูน 2 ราย</p>,พบผู้ติดเชื้อไวรัส COVID-19 รพ.ย่านลำพูน 2 ราย,fake
<p>ข่าวปลอม อย่าแชร์! คนขับแท็กซี่ในจ.ศรีสะเกษ ติดเชื้อไวรัส COVID-19 จากนักท่องเที่ยว</p>,คนขับแท็กซี่ในจ.ศรีสะเกษ ติดเชื้อไวรัส COVID-19 จากนักท่องเที่ยว,fake
<p>ข่าวปลอม อย่าแชร์! บริโภคผักไฮโดรโปนิกส์ เสี่ยงเป็นมะเร็ง</p>,บริโภคผักไฮโดรโปนิกส์ เสี่ยงเป็นมะเร็ง,fake
<p>ข่าวปลอม อย่าแชร์! ประกาศ รพ.ย่านสาทรพบผู้ป่วยติดเชื้อ COVID-19 จำนวน 3 คน</p>,ประกาศ รพ.ย่านสาทรพบผู้ป่วยติดเชื้อ COVID-19 จำนวน 3 คน,fake
<p>ข่าวปลอม อย่าแชร์! ลือ อุณหภูมิลดลงอย่างรวดเร็ว ในรอบ 5 ปี</p>,ลือ อุณหภูมิลดลงอย่างรวดเร็ว ในรอบ 5 ปี,fake
<p>ข่าวปลอม อย่าแชร์! พบผู้หญิงติดเชื้อไวรัส COVID-19 พักรักษาตัวอยู่ที่ รพ.ย่านสระบุรี</p>,พบผู้หญิงติดเชื้อไวรัส COVID-19 พักรักษาตัวอยู่ที่ รพ.ย่านสระบุรี,fake
<p>ข่าวบิดเบือน อย่าแชร์! อาหารเปรี้ยว 7 ชนิด ต้านมะเร็ง</p>,อาหารเปรี้ยว 7 ชนิด ต้านมะเร็ง,incorrect
<p>ข่าวปลอม อย่าแชร์! เตือนคนไทยไปลอนดอน อาจโดนกักตัว 14 วัน</p>,เตือนคนไทยไปลอนดอน อาจโดนกักตัว 14 วัน,fake
<p>ข่าวปลอม อย่าแชร์! กระทรวงอุตสาหกรรมไร้การตรวจสอบการนำเข้าขยะพลาสติก ตลอด 5 ปี</p>,กระทรวงอุตสาหกรรมไร้การตรวจสอบการนำเข้าขยะพลาสติก ตลอด 5 ปี,fake
<p>WHO ฟันธง “เนื้อแดง-อาหารแปรรูป” เสี่ยง “มะเร็งลำไส้ใหญ่” จริงหรือ?</p>,WHO ฟันธง “เนื้อแดง-อาหารแปรรูป” เสี่ยง “มะเร็งลำไส้ใหญ่”,real
<p>ข่าวปลอม อย่าแชร์! ใช้จ่ายผ่านบัตรสวัสดิการแห่งรัฐ รับเงินคืน 2 เด้ง</p>,ใช้จ่ายผ่านบัตรสวัสดิการแห่งรัฐ รับเงินคืน 2 เด้ง,fake
<p>เก็บภาษีใช้น้ำชลประทานอีก 10 เส้นทาง จริงหรือ?</p>,เก็บภาษีใช้น้ำชลประทานอีก 10 เส้นทาง,real
"<p>ข่าวปลอม อย่าแชร์! ต้นทุนเครื่องฟอกอากาศบนหลังคารถเมล์ราคา 56,847.55 บาทต่อเครื่อง</p>","ต้นทุนเครื่องฟอกอากาศบนหลังคารถเมล์ราคา 56,847.55 บาทต่อเครื่อง",fake
<p>ข่าวปลอม อย่าแชร์! พบพนักงานห้างดังย่านพระราม9 ติดเชื้อ COVID-19</p>,พบพนักงานห้างดังย่านพระราม9 ติดเชื้อ COVID-19,fake
<p>ข่าวปลอม อย่าแชร์! คลิปเสียง ระบุห้างดังย่านพระราม9 มีคนติดเชื้อไวรัส COVID-19 และตอนนี้ไทยมีผู้ติดเชื้ออีกหลายคน แต่รัฐปิดข่าว</p>,คลิปเสียง ระบุห้างดังย่านพระราม9 มีคนติดเชื้อไวรัส COVID-19 และตอนนี้ไทยมีผู้ติดเชื้ออีกหลายคน แต่รัฐปิดข่าว,fake
<p>ข่าวปลอม อย่าแชร์! ปิดข่าว พบผู้ติดเชื้อไวรัส COVID-19  ในจังหวัดยะลา</p>,ปิดข่าว พบผู้ติดเชื้อไวรัส COVID-19  ในจังหวัดยะลา,fake
<p>ข่าวปลอม อย่าแชร์! ข่าวลือ! รัฐปิดข่าว พบพนักงานโรงงานติดเชื้อ COVID-19 ย่านปทุมธานี</p>,ข่าวลือ! รัฐปิดข่าว พบพนักงานโรงงานติดเชื้อ COVID-19 ย่านปทุมธานี,fake
<p>ข่าวปลอม อย่าแชร์! พบพนักงานห้างชื่อดังย่านเพลินจิต ติดเชื้อไวรัส COVID-19</p>,พบพนักงานห้างชื่อดังย่านเพลินจิต ติดเชื้อไวรัส COVID-19,fake
<p>เดือน ก.พ. 63 จะได้รับบิลค่าไฟฟ้า 2 ใบ จริงหรือ?</p>,เดือน ก.พ. 63 จะได้รับบิลค่าไฟฟ้า 2 ใบ,real
<p>ข่าวบิดเบือน อย่าแชร์! รัฐบาลเมินช่วยคนงานเชฟโรเลต ไล่ไปเปิด google หางาน</p>,รัฐบาลเมินช่วยคนงานเชฟโรเลต ไล่ไปเปิด google หางาน,incorrect
<p>ข่าวปลอม อย่าแชร์! นายกจะยกเลิกโครงการอาหารกลางวัน</p>,นายกจะยกเลิกโครงการอาหารกลางวัน,fake
<p>ครม.ผ่าน ร่างกฎกระทรวงฯ จัดสวัสดิการสังคม ช่วยคุณแม่วัยใส จริงหรือ?</p>,ครม.ผ่าน ร่างกฎกระทรวงฯ จัดสวัสดิการสังคม ช่วยคุณแม่วัยใส,real
"<p>ข่าวปลอม อย่าแชร์! อึ้ง! 3 ปีย้อนหลัง (ปี 2560-2562) ไทยนำเข้าขยะพลาสติกเพิ่ม 7,000%</p>","อึ้ง! 3 ปีย้อนหลัง (ปี 2560-2562) ไทยนำเข้าขยะพลาสติกเพิ่ม 7,000%",fake
<p>ข่าวปลอม อย่าแชร์! พ.ร.บ.โรงงาน ฉบับปี 2562 ลดขั้นตอนการขอใบ ร.ง.4 ขยายกิจการได้โดยไม่ต้องขออนุญาต</p>,พ.ร.บ.โรงงาน ฉบับปี 2562 ลดขั้นตอนการขอใบ ร.ง.4 ขยายกิจการได้โดยไม่ต้องขออนุญาต,fake
<p>ข่าวปลอม อย่าแชร์! รัฐบาลลดใช้ถุงพลาสติก แต่นำเข้าขยะถุงพลาสติกจากต่างประเทศ</p>,รัฐบาลลดใช้ถุงพลาสติก แต่นำเข้าขยะถุงพลาสติกจากต่างประเทศ,fake
<p>ข่าวปลอม อย่าแชร์! แม่น้ำโขงแห้งขอด เหลือแต่เนินทราย คนเดินข้ามฝั่งได้</p>,แม่น้ำโขงแห้งขอด เหลือแต่เนินทราย คนเดินข้ามฝั่งได้,fake
<p>ข่าวปลอม อย่าแชร์! ปตท. เลิกขายน้ำมัน แก๊สโซฮอล์ E85</p>,ปตท. เลิกขายน้ำมัน แก๊สโซฮอล์ E85,fake
<p>ยาแอสไพริน (Aspirin) ช่วยป้องกันโรคหลอดเลือดหัวใจได้ แต่ต้องปรึกษาแพทย์ก่อนใช้ยา จริงหรือ?</p>,ยาแอสไพริน (Aspirin) ช่วยป้องกันโรคหลอดเลือดหัวใจได้ แต่ต้องปรึกษาแพทย์ก่อนใช้ยา,real
<p>ข่าวปลอม อย่าแชร์! จากพยาบาลโซนปทุมธานี แจ้งพบผู้ป่วยติดเชื้อโคโรนา(COVID-19)ชาวไทย แต่ได้รับจดหมายจากรัฐให้ปิดข่าว</p>,จากพยาบาลโซนปทุมธานี แจ้งพบผู้ป่วยติดเชื้อโคโรนา(COVID-19)ชาวไทย แต่ได้รับจดหมายจากรัฐให้ปิดข่าว,fake
<p>ข่าวปลอม อย่าแชร์! มัสยิดเกิน 100 แห่ง ทั่วเมืองเชียงใหม่</p>,มัสยิดเกิน 100 แห่ง ทั่วเมืองเชียงใหม่,fake
"<p>ตรวจคัดกรองโรคหายากในทารกแรกเกิดฟรี 30,000 ราย จริงหรือ?</p>","ตรวจคัดกรองโรคหายากในทารกแรกเกิดฟรี 30,000 ราย",real
<p>ข่าวบิดเบือน อย่าแชร์! ผู้ถือบัตรสวัสดิการแห่งรัฐทุกคน รับเงินพิเศษเพิ่ม 3 เดือน</p>,ผู้ถือบัตรสวัสดิการแห่งรัฐทุกคน รับเงินพิเศษเพิ่ม 3 เดือน,incorrect
<p>กระทรวงกลาโหมส่งทหารไทยเรียนหลักสูตร รร.นายร้อยรัสเซีย จริงหรือ?</p>,กระทรวงกลาโหมส่งทหารไทยเรียนหลักสูตร รร.นายร้อยรัสเซีย,real
<p>ข่าวปลอม อย่าแชร์! รัฐบาลจีนสั่งยิงผู้ป่วยติดเชื้อไวรัสโคโรนา (covid-19) ที่หนีออกจากรพ. อ้างจำกัดเขตพื้นที่กักกันผู้ป่วย</p>,รัฐบาลจีนสั่งยิงผู้ป่วยติดเชื้อไวรัสโคโรนา (covid-19) ที่หนีออกจากรพ. อ้างจำกัดเขตพื้นที่กักกันผู้ป่วย,fake
<p>ข่าวปลอม อย่าแชร์! พบชาวจีนติดเชื้อไวรัสโคโรนาหนึ่งราย รักษาตัวอยู่ที่ รพ. ย่านบางแค</p>,พบชาวจีนติดเชื้อไวรัสโคโรนาหนึ่งราย รักษาตัวอยู่ที่ รพ. ย่านบางแค,fake
<p>ข่าวปลอม อย่าแชร์! ด่วน! ธนาคารกรุงเทพ สนญ. พบผู้ติดเชื้อไวรัสโคโรนาแล้ว 1 ราย</p>,ด่วน! ธนาคารกรุงเทพ สนญ. พบผู้ติดเชื้อไวรัสโคโรนาแล้ว 1 ราย,fake
<p>ข่าวปลอม อย่าแชร์! ผู้ติดเชื้อไวรัสโคโรนาในไทยเพิ่มต่อเนื่อง รัฐปิดข่าว! หวั่นกระทบเศรษฐกิจ</p>,ผู้ติดเชื้อไวรัสโคโรนาในไทยเพิ่มต่อเนื่อง รัฐปิดข่าว! หวั่นกระทบเศรษฐกิจ,fake
<p>ข่าวปลอม อย่าแชร์! ผลิตภัณฑ์เสริมอาหาร Dtox Kelly ลดอาการท้องผูก ป้องกันการเกิดมะเร็งลำไส้</p>,ผลิตภัณฑ์เสริมอาหาร Dtox Kelly ลดอาการท้องผูก ป้องกันการเกิดมะเร็งลำไส้,fake
<p>ข่าวปลอม อย่าแชร์! ผู้โดยสารเรือเวสเตอร์ดัม บินตรงเข้าไทย ‘การบินไทย’ หละหลวม ไม่ทำตามขั้นตอนคัดกรอง</p>,ผู้โดยสารเรือเวสเตอร์ดัม บินตรงเข้าไทย ‘การบินไทย’ หละหลวม ไม่ทำตามขั้นตอนคัดกรอง,fake
<p>ข่าวปลอม อย่าแชร์! แพทย์เตือน ‘แม่สอด’ แหล่งพักคนจีน พื้นที่แพร่ระบาดเชื้อไวรัสโควิด-19</p>,แพทย์เตือน ‘แม่สอด’ แหล่งพักคนจีน พื้นที่แพร่ระบาดเชื้อไวรัสโควิด-19,fake
<p>ผู้ว่าฯกทม. เห็นชอบให้หาบเร่แผงลอยเริ่มขาย 5 มี.ค. แต่จะต้องเป็นไปตามเงื่อนไขที่กำหนด จริงหรือ?</p>,ผู้ว่าฯกทม. เห็นชอบให้หาบเร่แผงลอยเริ่มขาย 5 มี.ค. แต่จะต้องเป็นไปตามเงื่อนไขที่กำหนด,real
<p>ข่าวปลอม อย่าแชร์! ผู้ประกอบการที่ใช้ตราฮาลาลบนสินค้า ไม่ต้องเสียภาษี</p>,ผู้ประกอบการที่ใช้ตราฮาลาลบนสินค้า ไม่ต้องเสียภาษี,fake
<p>ข่าวปลอม อย่าแชร์! BRN อิสลามใต้ประกาศยึดรัฐปัตตานีบนเวที UN</p>,BRN อิสลามใต้ประกาศยึดรัฐปัตตานีบนเวที UN,fake
<p>ผบ.ทบ. สั่งด่วนห้ามกองรักษาการณ์มีกระสุน-ปืนกล จริงหรือ?</p>,ผบ.ทบ. สั่งด่วนห้ามกองรักษาการณ์มีกระสุน-ปืนกล,real
<p>ข่าวปลอม อย่าแชร์! ลือหนัก ‘คนขับรถทัวร์’ ติดเชื้อไวรัสโคโรนา  รพ.ถูกสั่งปิดข่าวเงียบ เลี่ยงยอดติดเชื้อเพิ่ม</p>,ลือหนัก ‘คนขับรถทัวร์’ ติดเชื้อไวรัสโคโรนา  รพ.ถูกสั่งปิดข่าวเงียบ เลี่ยงยอดติดเชื้อเพิ่ม,fake
<p>ข่าวปลอม อย่าแชร์! เตรียมเพิ่มวงเงินสดบัตรสวัสดิการแห่งรัฐเป็น 800 บาทต่อเดือน</p>,เตรียมเพิ่มวงเงินสดบัตรสวัสดิการแห่งรัฐเป็น 800 บาทต่อเดือน,fake
<p>เจ้ากรมสวัสดิการทหารบก ยันปล่อยกู้ตามระเบียบ ไม่มีส่วนเกิน-เงินทอน จริงหรือ?</p>,เจ้ากรมสวัสดิการทหารบก ยันปล่อยกู้ตามระเบียบ ไม่มีส่วนเกิน-เงินทอน,real
<p>ข่าวปลอม อย่าแชร์! ขบวนการขนอาวุธ กระสุนปืน ของกองทัพไปขาย</p>,ขบวนการขนอาวุธ กระสุนปืน ของกองทัพไปขาย,fake
<p>ข่าวบิดเบือน อย่าแชร์! พบบุคลากรทางการแพทย์ สถาบันบำราศนราดูร ติดเชื้อไวรัสโคโรนา</p>,พบบุคลากรทางการแพทย์ สถาบันบำราศนราดูร ติดเชื้อไวรัสโคโรนา,incorrect
<p>ข่าวบิดเบือน อย่าแชร์! แม่จ่าคลั่งสุดช้ำใจหนัก ยังทำใจไม่ได้พาตัวคุมเข้มในค่ายทหาร หวั่นคิดสั้น</p>,แม่จ่าคลั่งสุดช้ำใจหนัก ยังทำใจไม่ได้พาตัวคุมเข้มในค่ายทหาร หวั่นคิดสั้น,incorrect
<p>ครม.เพิ่มทุน ธ.ก.ส. 2 หมื่นล้านบาท กระตุ้นเศรษฐกิจฐานราก จริงหรือ?</p>,ครม.เพิ่มทุน ธ.ก.ส. 2 หมื่นล้านบาท กระตุ้นเศรษฐกิจฐานราก,real
<p>ข่าวปลอม อย่าแชร์! กรมสรรพากรเริ่มเก็บภาษีทุกวัด</p>,กรมสรรพากรเริ่มเก็บภาษีทุกวัด,fake
<p>กองทัพบกประกาศรับทายาทผู้บาดเจ็บ และเสียชีวิตจากเหตุการณ์กราดยิงโคราช เข้ารับราชการ จริงหรือ?</p>,กองทัพบกประกาศรับทายาทผู้บาดเจ็บ และเสียชีวิตจากเหตุการณ์กราดยิงโคราช เข้ารับราชการ,real
<p>ข่าวปลอม อย่าแชร์! กลั้นหายใจ เช็คอาการไอ-แน่นหน้าอก ตรวจการติดเชื้อ ‘ไวรัสโคโรนา’ ด้วยตัวเอง</p>,กลั้นหายใจ เช็คอาการไอ-แน่นหน้าอก ตรวจการติดเชื้อ ‘ไวรัสโคโรนา’ ด้วยตัวเอง,fake
<p>ข่าวปลอม อย่าแชร์! ธ.ก.ส. ปล่อยกู้จำนวนเงิน 2 แสนบาท กู้ได้ทุกอาชีพ ไม่มีกำหนดรายได้ขึ้นต่ำ</p>,ธ.ก.ส. ปล่อยกู้จำนวนเงิน 2 แสนบาท กู้ได้ทุกอาชีพ ไม่มีกำหนดรายได้ขึ้นต่ำ,fake
<p>ฝุ่น PM2.5 เพิ่มความเสี่ยงต่อการเกิดโรค และเสียชีวิต จริงหรือ?</p>,ฝุ่น PM2.5 เพิ่มความเสี่ยงต่อการเกิดโรค และเสียชีวิต,real
<p>องค์การอนามัยโลกตั้งชื่อไวรัสโคโรนาสายพันธุ์ใหม่อย่างเป็นทางการว่า COVID-19 จริงหรือ?</p>,องค์การอนามัยโลกตั้งชื่อไวรัสโคโรนาสายพันธุ์ใหม่อย่างเป็นทางการว่า COVID-19,real
<p>ข่าวปลอม อย่าแชร์! ปิดข่าวเงียบ! จ.ระยองพบเด็กเสียชีวิตจากไวรัสโคโรนา (COVID-19) สั่งเผาเลย</p>,ปิดข่าวเงียบ! จ.ระยองพบเด็กเสียชีวิตจากไวรัสโคโรนา (COVID-19) สั่งเผาเลย,fake
<p>ข่าวปลอม อย่าแชร์! มหัศจรรย์น้ำปัสสาวะ รักษาโรค แก้ปวดเมื่อย ช่วยให้ตาใสมองเห็นชัด</p>,มหัศจรรย์น้ำปัสสาวะ รักษาโรค แก้ปวดเมื่อย ช่วยให้ตาใสมองเห็นชัด,fake
<p>เตือน! โรคโมโนนิวคลิโอซิส ติดต่อจากการจูบ มีไข้อ่อนเพลีย มักเกิดกับวัยรุ่น จริงหรือ ?</p>,เตือน! โรคโมโนนิวคลิโอซิส ติดต่อจากการจูบ มีไข้อ่อนเพลีย มักเกิดกับวัยรุ่น ,real
<p>ข่าวปลอม อย่าแชร์! อนาคตเราจะเห็นนักบวชอิสลาม นั่งในงานพิธีต่างๆ แทนพระ</p>,อนาคตเราจะเห็นนักบวชอิสลาม นั่งในงานพิธีต่างๆ แทนพระ,fake
<p>ข่าวปลอม อย่าแชร์! คสช. ให้ผู้หญิงต้องเกณฑ์ทหาร</p>,คสช. ให้ผู้หญิงต้องเกณฑ์ทหาร,fake
<p>ข่าวปลอม อย่าแชร์! กินยาเขียวแทนยาพาราเซตามอล ถูกและดีต่อตับมากกว่า</p>,กินยาเขียวแทนยาพาราเซตามอล ถูกและดีต่อตับมากกว่า,fake
<p>ข่าวปลอม อย่าแชร์! น้ำพลาสม่าขจัดไวรัสโคโรนาได้ผล 100%</p>,น้ำพลาสม่าขจัดไวรัสโคโรนาได้ผล 100%,fake
<p>ข่าวปลอม อย่าแชร์! ระยองเหลือน้ำใช้ไม่ถึง 100 วัน</p>,ระยองเหลือน้ำใช้ไม่ถึง 100 วัน,fake
<p>ข่าวปลอม อย่าแชร์! ยาพาราเซตามอลมีส่วนผสมของไวรัสแมคชูโป</p>,ยาพาราเซตามอลมีส่วนผสมของไวรัสแมคชูโป,fake
<p>ข่าวปลอม อย่าแชร์! เรือสำราญเวสเตอร์ดัม ได้รับอนุญาตจากไทยให้จอดเทียบท่าที่แหลมฉบัง</p>,เรือสำราญเวสเตอร์ดัม ได้รับอนุญาตจากไทยให้จอดเทียบท่าที่แหลมฉบัง,fake
<p>เลื่อนจ่ายเงินอุดหนุนบุตรเดือนละ 600 ไม่มีกำหนด จริงหรือ?</p>,เลื่อนจ่ายเงินอุดหนุนบุตรเดือนละ 600 ไม่มีกำหนด,real
<p>ข่าวปลอม อย่าแชร์! ผู้ติดเชื้อไวรัสโคโรนา เป็นผู้ขับ Grab ในจังหวัดเชียงใหม่</p>,ผู้ติดเชื้อไวรัสโคโรนา เป็นผู้ขับ Grab ในจังหวัดเชียงใหม่,fake
<p>ข่าวปลอม อย่าแชร์! ไวรัสโคโรนามาถึงหนองอุก เป็นไกด์จากภูเก็ต ตอนนี้รักษาตัวที่ รพ.ในเชียงใหม่ 3 คน</p>,ไวรัสโคโรนามาถึงหนองอุก เป็นไกด์จากภูเก็ต ตอนนี้รักษาตัวที่ รพ.ในเชียงใหม่ 3 คน,fake
<p>ข่าวปลอม อย่าแชร์! เชื้อไวรัสโคโรนา เป็นเชื้อที่ซีไอเอคิดค้นมาก่อน แล้วนำเชื้อใส่ไว้ในสัตว์ และแพร่เข้าสู่เมืองจีน</p>,เชื้อไวรัสโคโรนา เป็นเชื้อที่ซีไอเอคิดค้นมาก่อน แล้วนำเชื้อใส่ไว้ในสัตว์ และแพร่เข้าสู่เมืองจีน,fake
<p>ข่าวปลอม อย่าแชร์! ไวรัสโคโรนา แพร่กระจายผ่านอากาศ (Airborne)</p>,ไวรัสโคโรนา แพร่กระจายผ่านอากาศ (Airborne),fake
<p>กรมขนส่งทางบกลดภาษีคนใช้รถยนต์ไฟฟ้า จริงหรือ?</p>,กรมขนส่งทางบกลดภาษีคนใช้รถยนต์ไฟฟ้า,real
<p>ข่าวปลอม สร้างความเข้าใจผิด! รพ.ในโคราช ขอรับบริจาคเลือดด่วน วิกฤต! เลือดไม่เพียงพอผู้บาดเจ็บ</p>,ข่าวปลอม สร้างความเข้าใจผิด! รพ.ในโคราช ขอรับบริจาคเลือดด่วน วิกฤต! เลือดไม่เพียงพอ,real
<p>ข่าวปลอม อย่าแชร์! พบผู้ป่วยติดเชื้อไวรัสโคโรนา ที่รพ.ย่านพระราม 2 ในจังหวัดกรุงเทพมหานคร</p>,พบผู้ป่วยติดเชื้อไวรัสโคโรนา ที่รพ.ย่านพระราม 2 ในจังหวัดกรุงเทพมหานคร,fake
<p>คาดอ่างป่าแดงน้ำหมด 12 พ.ค.นี้ จริงหรือ?</p>,คาดอ่างป่าแดงน้ำหมด 12 พ.ค.นี้,real
<p>ข่าวปลอม อย่าแชร์! เตือน! น้ำประปาจะไม่ไหลทั่วกรุงเทพฯ ในวันที่ 5-12 ก.พ. 2563</p>,เตือน! น้ำประปาจะไม่ไหลทั่วกรุงเทพฯ ในวันที่ 5-12 ก.พ. 2563,fake
<p>ข่าวปลอม อย่าแชร์! สสจ. กระบี่ ยอมรับ นทท.จีนป่วยอื้อ อยู่ในข่ายเฝ้าระวังกว่า 100 ราย</p>,สสจ. กระบี่ ยอมรับ นทท.จีนป่วยอื้อ อยู่ในข่ายเฝ้าระวังกว่า 100 ราย,fake
<p>ข่าวปลอม อย่าแชร์! กระทรวงทรัพยากรธรรมชาติและสิ่งแวดล้อมประกาศรับสมัครบุคคลากรเป็นเจ้าหน้าที่ตรวจสอบรีสอร์ทในเฟซบุ๊ก</p>,กระทรวงทรัพยากรธรรมชาติและสิ่งแวดล้อมประกาศรับสมัครบุคคลากรเป็นเจ้าหน้าที่ตรวจสอบรีสอร์ทในเฟซบุ๊ก,fake
<p>ข่าวปลอม อย่าแชร์! “ยาหมอทหาร” รักษาโรคอัมพฤกษ์ อัมพาต</p>,“ยาหมอทหาร” รักษาโรคอัมพฤกษ์ อัมพาต,fake
<p>ข่าวปลอม อย่าแชร์! เจ้าหน้าที่ยึดโทรศัพท์ชาวไทยที่ไปรับมาจากอู่ฮั่น</p>,เจ้าหน้าที่ยึดโทรศัพท์ชาวไทยที่ไปรับมาจากอู่ฮั่น,fake
<p>ข่าวปลอม อย่าแชร์! ผลิตภัณฑ์อาหารเสริมลดไขมันหน้าท้องได้ ภายใน 1 คืน</p>,ผลิตภัณฑ์อาหารเสริมลดไขมันหน้าท้องได้ ภายใน 1 คืน,fake
"<p>ข่าวปลอม อย่าแชร์! พิพากษารัฐบาลและคณะต้องจ่ายค่าเสียหาย 67,000 ล้านบาท</p>","พิพากษารัฐบาลและคณะต้องจ่ายค่าเสียหาย 67,000 ล้านบาท",fake
<p>ข่าวปลอม อย่าแชร์! สูตรสมุนไพรในการรักษาผู้ติดเชื้อไวรัสโคโรนา ให้หายเป็นปกติ</p>,สูตรสมุนไพรในการรักษาผู้ติดเชื้อไวรัสโคโรนา ให้หายเป็นปกติ,fake
<p>พบทวิตเตอร์ปลอม แอบอ้าง ศูนย์ต่อต้านข่าวปลอม อย่าหลงเชื่อ!!</p>,พบทวิตเตอร์ปลอม แอบอ้าง ศูนย์ต่อต้านข่าวปลอม อย่า,real
<p>กทม.สั่งหยุดก่อสร้าง 3 วัน ลด PM2.5 มีผลตั้งแต่ 4-6 ก.พ. 63 จริงหรือ?</p>,กทม.สั่งหยุดก่อสร้าง 3 วัน ลด PM2.5 มีผลตั้งแต่ 4-6 ก.พ. 63,real
<p>เตือนภัย พบมัลแวร์แพร่กระจายผ่านอีเมลโดยอ้างชื่อไวรัสโคโรนา จริงหรือ?</p>,เตือนภัย พบมัลแวร์แพร่กระจายผ่านอีเมลโดยอ้างชื่อไวรัสโคโรนา,real
<p>ข่าวปลอม อย่าแชร์! ‘ไข้หวัดหมู’ ระบาดหนักในไต้หวัน ติดเชื้อเสียชีวิตกว่า 50 คนใน 3 เดือน</p>,‘ไข้หวัดหมู’ ระบาดหนักในไต้หวัน ติดเชื้อเสียชีวิตกว่า 50 คนใน 3 เดือน,fake
<p>ข่าวปลอม อย่าแชร์! แจ้งจับ!! ขับต่ำกว่า 90 กม. แช่เลนขวา</p>,แจ้งจับ!! ขับต่ำกว่า 90 กม. แช่เลนขวา,fake
<p>กรมขนส่งทางบกเปิดตรวจสุขภาพคนขับแท็กซี่ฟรี จริงหรือ?</p>,กรมขนส่งทางบกเปิดตรวจสุขภาพคนขับแท็กซี่ฟรี,real
<p>ข่าวปลอม อย่าแชร์! บิ๊กแดง ออกคำสั่ง กำชับ 6 ท่าต้องห้าม ขณะสวมเครื่องแบบทหาร พร้อมคาดโทษ</p>,บิ๊กแดง ออกคำสั่ง กำชับ 6 ท่าต้องห้าม ขณะสวมเครื่องแบบทหาร พร้อมคาดโทษ,fake
<p>ข่าวปลอม อย่าแชร์! น้ำประปาจะไม่ไหลทั่วประเทศ ตั้งแต่เวลา 22.00 – 04.00 น.</p>,น้ำประปาจะไม่ไหลทั่วประเทศ ตั้งแต่เวลา 22.00 – 04.00 น.,fake
<p>ข่าวปลอม อย่าแชร์! ลงทะเบียนเข้าร่วมโครงการใช้ที่ดินสปก. 5 ไร่ ปลูกพืชกัญชง</p>,ลงทะเบียนเข้าร่วมโครงการใช้ที่ดินสปก. 5 ไร่ ปลูกพืชกัญชง,fake
<p>ข่าวปลอม อย่าแชร์! ประกันคุ้มครองต่างชาติ 4 เดือน สร้างความเชื่อมั่นเที่ยวไทย</p>,ประกันคุ้มครองต่างชาติ 4 เดือน สร้างความเชื่อมั่นเที่ยวไทย,fake
<p>ข่าวปลอม อย่าแชร์! กงสุลยอมรับรัฐบาลไร้คำสั่ง ช่วยคนไทยในอู่ฮั่น</p>,กงสุลยอมรับรัฐบาลไร้คำสั่ง ช่วยคนไทยในอู่ฮั่น,fake
<p>ข่าวบิดเบือน อย่าแชร์! ไวรัสโคโรนาทำพิษ โรงงานกาญจนบุรีปิดตัว ลูกจ้างตกงานกว่า 500 คน</p>,ไวรัสโคโรนาทำพิษ โรงงานกาญจนบุรีปิดตัว ลูกจ้างตกงานกว่า 500 คน,incorrect
<p>ข่าวปลอม อย่าแชร์! พบคนไทยเสียชีวิต 1 คน ติดไวรัสโคโรนามาจากเชียงใหม่</p>,พบคนไทยเสียชีวิต 1 คน ติดไวรัสโคโรนามาจากเชียงใหม่,fake
<p>สาธารณสุขไทย เผยผู้ป่วยจีนติดเชื้อไวรัสโคโรนาสายพันธุ์ใหม่ ชื่นชมและมั่นใจ  ระบบการรักษาของไทย จริงหรือ?</p>,สาธารณสุขไทย เผยผู้ป่วยจีนติดเชื้อไวรัสโคโรนาสายพันธุ์ใหม่ ชื่นชมและมั่นใจ  ระบบการรักษาของไทย,real
<p>ข่าวปลอม อย่าแชร์! ติดเชื้อ ‘ไวรัสโคโรนา’ ตายแล้ว 2 รายในไทย ทางการปิดข่าวหวั่นแตกตื่น</p>,ติดเชื้อ ‘ไวรัสโคโรนา’ ตายแล้ว 2 รายในไทย ทางการปิดข่าวหวั่นแตกตื่น,fake
<p>สาธารณสุขไทย เผยข่าวดี แพทย์ไทยรักษาผู้ป่วยติดเชื้อไวรัสโคโรนา อาการดีขึ้นใน 48 ชั่วโมงหลังการรักษา จริงหรือ?</p>,สาธารณสุขไทย เผยข่าวดี แพทย์ไทยรักษาผู้ป่วยติดเชื้อไวรัสโคโรนา อาการดีขึ้นใน 48 ชั่วโมงหลังการรักษา,real
<p>ข่าวปลอม อย่าแชร์! พบผู้ป่วยติดเชื้อไวรัสโคโรนา ที่รพ.ในจังหวัดกาญจนบุรี</p>,พบผู้ป่วยติดเชื้อไวรัสโคโรนา ที่รพ.ในจังหวัดกาญจนบุรี,fake
<p>เปิดอบรมใบขับขี่วันเสาร์-อาทิตย์ ฟรี เฉพาะกรุงเทพมหานคร จริงหรือ?</p>,เปิดอบรมใบขับขี่วันเสาร์-อาทิตย์ ฟรี เฉพาะกรุงเทพมหานคร,real
<p>ข่าวปลอม อย่าแชร์! คลิปเสียง อ้างรพ.แห่งหนึ่งในจังหวัดภูเก็ตมีผู้ติดเชื้อไวรัสโคโรนา</p>,คลิปเสียง อ้างรพ.แห่งหนึ่งในจังหวัดภูเก็ตมีผู้ติดเชื้อไวรัสโคโรนา,fake
<p>ครม. อนุมัติ 12 มาตรการ แก้ปัญหาฝุ่นพิษ PM 2.5 จริงหรือ?</p>,ครม. อนุมัติ 12 มาตรการ แก้ปัญหาฝุ่นพิษ PM 2.5,real
<p>ข่าวปลอม อย่าแชร์! ดื่มน้ำอุ่นแช่มะนาวฝาน ช่วยรักษามะเร็ง</p>,ดื่มน้ำอุ่นแช่มะนาวฝาน ช่วยรักษามะเร็ง,fake
<p>ผู้ป่วยชาวจีนที่ตรวจพบเชื้อไวรัสโคโรนารายแรกในไทย หายดีออกจากโรงพยาบาลโรคปอดเมืองอู่ฮั่นแล้ว จริงหรือ?</p>,ผู้ป่วยชาวจีนที่ตรวจพบเชื้อไวรัสโคโรนารายแรกในไทย หายดีออกจากโรงพยาบาลโรคปอดเมืองอู่ฮั่นแล้ว,real
<p>สธ.ยัน พบผู้ติดเชื้อไวรัสโคโรนา จากคนสู่คนรายแรกในไทย ตัวเลขล่าสุด 19 ราย จริงหรือ?</p>,สธ.ยัน พบผู้ติดเชื้อไวรัสโคโรนา จากคนสู่คนรายแรกในไทย ตัวเลขล่าสุด 19 ราย,real
<p>คนจีนตกค้างในไทยกลับอู่ฮั่นแล้ว  รัฐบาลจีนส่งเครื่องบินรับกลับวันนี้ จริงหรือ?</p>,คนจีนตกค้างในไทยกลับอู่ฮั่นแล้ว  รัฐบาลจีนส่งเครื่องบินรับกลับวันนี้,real
<p>ข่าวปลอม อย่าแชร์! เตือนระวัง! นักท่องเที่ยวชาวจีนติดเชื้อไวรัสโคโรนา รักษาตัว รพ.ย่านชลบุรี</p>,เตือนระวัง! นักท่องเที่ยวชาวจีนติดเชื้อไวรัสโคโรนา รักษาตัว รพ.ย่านชลบุรี,fake
<p>ข่าวปลอม อย่าแชร์! งานเข้า! ไวรัสโคโรนาลงเบตงเหตุนักท่องเที่ยวจีนชุก</p>,งานเข้า! ไวรัสโคโรนาลงเบตงเหตุนักท่องเที่ยวจีนชุก,fake
<p>ข่าวปลอม อย่าแชร์! แชร์ว่อน! พบผู้ป่วยติดเชื้อ รพ.ย่านฉะเชิงเทรา</p>,แชร์ว่อน! พบผู้ป่วยติดเชื้อ รพ.ย่านฉะเชิงเทรา,fake
<p>ข่าวปลอม อย่าแชร์! อึ้ง! ชาวอู่ฮั่น 5 ล้านคนเดินทางมาไทย ก่อนปิดเมือง</p>,อึ้ง! ชาวอู่ฮั่น 5 ล้านคนเดินทางมาไทย ก่อนปิดเมือง,fake
"<p>ข่าวปลอม อย่าแชร์!  “ผู้ถือบัตรสวัสดิการแห่งรัฐ” เตรียมรับเงิน 2,000-4,000 บาท ในเดือนมกราคม 63</p>"," “ผู้ถือบัตรสวัสดิการแห่งรัฐ” เตรียมรับเงิน 2,000-4,000 บาท ในเดือนมกราคม 63",fake
<p>ข่าวปลอม อย่าแชร์! ระวัง! เชื้อไวรัสโคโรนา ระบาดถึง รพ.ในจังหวัดชลบุรี</p>,ระวัง! เชื้อไวรัสโคโรนา ระบาดถึง รพ.ในจังหวัดชลบุรี,fake
<p>ข่าวปลอม อย่าแชร์! ลือ! พบคนไทยติดเชื้อ ‘ไวรัสโคโรนา’ รักษาตัวที่ รพ. ในจังหวัดฉะเชิงเทรา</p>,ลือ! พบคนไทยติดเชื้อ ‘ไวรัสโคโรนา’ รักษาตัวที่ รพ. ในจังหวัดฉะเชิงเทรา,fake
<p>ข่าวปลอม อย่าแชร์! เศรษฐกิจแย่! บริษัทในนิคมทั่วประเทศ เตรียมปลดพนักงานครั้งใหญ่</p>,เศรษฐกิจแย่! บริษัทในนิคมทั่วประเทศ เตรียมปลดพนักงานครั้งใหญ่,fake
<p>ข่าวปลอม อย่าแชร์! รัฐไทยคุมการระบาด ‘ไวรัสโคโรนา’ ไม่ได้  เหตุนักท่องเที่ยวจีนเต็มเมือง</p>,รัฐไทยคุมการระบาด ‘ไวรัสโคโรนา’ ไม่ได้  เหตุนักท่องเที่ยวจีนเต็มเมือง,fake
<p>อย่าแชร์! ข่าวปลอม แชร์ว่อน!! ยืนยันสนามบินภูเก็ต ไร้จุดคัดกรอง “ไวรัสโคโรนา”</p>,อย่าแชร์! ข่าวปลอม แชร์ว่อน!! ยืนยันสนามบินภูเก็ต ไร้จุดคัดกรอง “ไว,real
<p>ข่าวปลอม สร้างความปั่นป่วน​ หยุดแชร์! เชื้อไวรัสโคโรนาระบาดหนัก คาดคนตายนับไม่ถ้วน รัฐสั่งทุกสื่อปิดข่าว</p>,ข่าวปลอม สร้างความปั่นป่วน​ หยุดแชร์! เชื้อไวรัสโคโรนาระบาดหนัก คาดคนตายนับไม่ถ้วน รัฐสั่งทุกส,real
<p>ข่าวปลอม อย่าแชร์! ล่าสุดกรุงเทพติดเชื้อไวรัสโคโรนา 5 ราย</p>,ล่าสุดกรุงเทพติดเชื้อไวรัสโคโรนา 5 ราย,fake
<p>ข่าวปลอม อย่าแชร์! พบผู้ติดเชื้อโคโรนาที่จังหวัดศรีสะเกษ</p>,พบผู้ติดเชื้อโคโรนาที่จังหวัดศรีสะเกษ,fake
<p>ข่าวปลอม อย่าแชร์! แพทย์ชี้นั่งเครื่องพร้อมผู้ป่วยไวรัสโคโรนา มีโอกาสติดเชื้อทั้งลำ</p>,แพทย์ชี้นั่งเครื่องพร้อมผู้ป่วยไวรัสโคโรนา มีโอกาสติดเชื้อทั้งลำ,fake
<p>ข่าวปลอม อย่าแชร์!  เชื้อไวรัสโคโรนาทำพิษ ชาวจีนล้มตึงกลางสุวรรณภูมิ</p>, เชื้อไวรัสโคโรนาทำพิษ ชาวจีนล้มตึงกลางสุวรรณภูมิ,fake
<p>คปภ.แจง ประกันชีวิต ประกันสุขภาพ ประกันภัยการเดินทาง คุ้มครองโรคไวรัสโคโรนา จริงหรือ?</p>,คปภ.แจง ประกันชีวิต ประกันสุขภาพ ประกันภัยการเดินทาง คุ้มครองโรคไวรัสโคโรนา,real
<p>ข่าวปลอม อย่าแชร์! เชื้อ H3N2 ระบาดถึงเชียงใหม่ ‘ไวรัสโคโรนา” ตัวใหม่จากอู่ฮั่น</p>,เชื้อ H3N2 ระบาดถึงเชียงใหม่ ‘ไวรัสโคโรนา” ตัวใหม่จากอู่ฮั่น,fake
<p>ข่าวปลอม อย่าแชร์! เตือน! เขตคลองเตยให้ใส่แมส รอฟังแถลงข่าวจริงหรือเท็จ 2 รายในไอซียู</p>,เตือน! เขตคลองเตยให้ใส่แมส รอฟังแถลงข่าวจริงหรือเท็จ 2 รายในไอซียู,fake
<p>ข่าวปลอม อย่าแชร์! ติดเชื้อไวรัสโคโรนาทำให้เสียชีวิตทุกรายในเวลาอันสั้น</p>,ติดเชื้อไวรัสโคโรนาทำให้เสียชีวิตทุกรายในเวลาอันสั้น,fake
"<p>ข่าวปลอม อย่าแชร์! รัฐบาลจีนปิดบังข้อมูล แท้จริงมีผู้ติดเชื้อ 90,000 ราย</p>","รัฐบาลจีนปิดบังข้อมูล แท้จริงมีผู้ติดเชื้อ 90,000 ราย",fake
<p>ความร้ายแรงของไข้หวัดใหญ่สายใหม่ “ไวรัสโคโรนา” มีวิธีป้องกันคือ ต้องรักษาความชุ่มชื้นของเยื่อเมือกลำคอ อย่าให้ลำคอแห้งโดยเด็ดขาด ข่าวปลอม อย่าแชร์</p>,ความร้ายแรงของไข้หวัดใหญ่สายใหม่ “ไวรัสโคโรนา” มีวิธีป้องกันคือ ต้องรักษาความชุ่มชื้นของเยื่อเมือกลำคอ อย่าให้ลำคอแห้งโดยเด็ดขาด ข่าวปลอ,real
<p>สีจิ้นผิงสั่งใช้กฏหมายสูงสุด วิสามัญโดยเจ้าหน้าที่ ข่าวปลอม สร้างความเข้าใจผิด อย่าแชร์!</p>,สีจิ้นผิงสั่งใช้กฏหมายสูงสุด วิสามัญโดยเจ้าหน้าที่ ข่าวปลอม สร้างความเข้าใจผิด,real
<p>ผู้ป่วยติดเชื่อไวรัสโคโรน่า เข้ารับการรักษาที่โรงพยาบาล ป.แพทย์ 1 นครราชสีมา ข่าวปลอม สร้างความปั่นป่วน​ หยุดแชร์!</p>,ผู้ป่วยติดเชื่อไวรัสโคโรน่า เข้ารับการรักษาที่โรงพยาบาล ป.แพทย์ 1 นครราชสีมา ข่าวปลอม สร้างความปั่นป่วน​,real
<p>พบผู้ป่วยติดเชื้อไวรัสโคโรนา เสียชีวิตที่ จ.ภูเก็ต เพิ่มอีก 1 ราย ข่าวปลอม สร้างความปั่นป่วน​ หยุดแชร์!</p>,พบผู้ป่วยติดเชื้อไวรัสโคโรนา เสียชีวิตที่ จ.ภูเก็ต เพิ่มอีก 1 ราย ข่าวปลอม สร้างความปั่นป่วน​,real
<p>พบผู้ป่วยชาวจีนติดเชื้อไวรัสโคโรนา รักษาตัวที่ รพ. ราชธานี จ.พระนครศรีอยุธยา ข่าวปลอมสร้างความปั่นป่วน​ หยุดแชร์!</p>,พบผู้ป่วยชาวจีนติดเชื้อไวรัสโคโรนา รักษาตัวที่ รพ. ราชธานี จ.พระนครศรีอยุธยา ข่าวปลอมสร้างความปั่นป่วน​,real
<p>พัทยาพบผู้ป่วยเสียชีวิตจากไวรัสโคโรนา 1 ราย ข่าวปลอมสร้างความปั่นป่วน​ หยุดแชร์!</p>,พัทยาพบผู้ป่วยเสียชีวิตจากไวรัสโคโรนา 1 ราย ข่าวปลอมสร้างความปั่นป่วน​,real
<p>เชื้อไวรัสโคโรนาสายพันธุ์ใหม่ สามารถติดต่อผ่านการมองตาได้ ข่าวปลอม สร้างความเข้าใจผิด อย่าแชร์!</p>,เชื้อไวรัสโคโรนาสายพันธุ์ใหม่ สามารถติดต่อผ่านการมองตาได้ ข่าวปลอม สร้างความเข้าใจผิด,real
<p>คลิปสุดช็อค! ไวรัสโคโรนา ทำคนล้มทั้งยืน  ข่าวปลอม สร้างความเข้าใจผิด อย่าแชร์!</p>,คลิปสุดช็อค! ไวรัสโคโรนา ทำคนล้มทั้งยืน  ข่าวปลอม สร้างความเข้าใจผิด,real
<p>กรมควบคุมโรคยกเลิกการคัดกรองผู้โดยสารด้วยเทอร์โมสแกน ข่าวปลอม สร้างความเข้าใจผิด อย่าแชร์!</p>,กรมควบคุมโรคยกเลิกการคัดกรองผู้โดยสารด้วยเทอร์โมสแกน ข่าวปลอม สร้างความเข้าใจผิด,real
<p>พนักงานการบินไทย ติดโรคปอดอักเสบจากไวรัสโคโรนาสายพันธุ์ใหม่ ข่าวปลอม สร้างความเข้าใจผิด อย่าแชร์!</p>,พนักงานการบินไทย ติดโรคปอดอักเสบจากไวรัสโคโรนาสายพันธุ์ใหม่ ข่าวปลอม สร้างความเข้าใจผิด,real
<p>สเปรย์พ่นปาก ฆ่าเชื้อไวรัสโคโรนา ข่าวปลอม สร้างความเข้าใจผิด อย่าแชร์!</p>,สเปรย์พ่นปาก ฆ่าเชื้อไวรัสโคโรนา ข่าวปลอม สร้างความเข้าใจผิด,real
<p>ประกาศ!! หน้าเว็บโรคปอดอักเสบจากไวรัสโคโรนามีการปรับเปลี่ยนลิงค์ที่เผยแพร่ใหม่ จาก .html เป็น php จริงหรือ?</p>,ประกาศ!! หน้าเว็บโรคปอดอักเสบจากไวรัสโคโรนามีการปรับเปลี่ยนลิงค์ที่เผยแพร่ใหม่ จาก .html เป็น php,real
<p>กรมควบคุมโรคยืนยันไม่หยุดคัดกรอง และเพิ่มความเข้มข้นในการรับมือไวรัสโคโรนา สายพันธุ์ใหม่ จริงหรือ?</p>,กรมควบคุมโรคยืนยันไม่หยุดคัดกรอง และเพิ่มความเข้มข้นในการรับมือไวรัสโคโรนา สายพันธุ์ใหม่,real
<p>กรมควบคุมโรค หยุดใช้เครื่องตรวจวัดฯ​ ไวรัสโคโรน่า หลัง​ทางการ​ ‘ อู่ฮั่น​ ‘​ สั่งปิดเมือง ข่าวปลอมสร้างความปั่นป่วน​ หยุดแชร์!</p>,กรมควบคุมโรค หยุดใช้เครื่องตรวจวัดฯ​ ไวรัสโคโรน่า หลัง​ทางการ​ ‘ อู่ฮั่น​ ‘​ สั่งปิดเมือง ข่าวปลอมสร้างความปั่นป่วน​,real
<p>ผู้ป่วยไวรัสโคโรนา จ.นครปฐม ผลตรวจเป็นลบ สธ.รับมือเข้ม ชี้ชัดไม่พบการระบาดในไทย จริงหรือ?</p>,ผู้ป่วยไวรัสโคโรนา จ.นครปฐม ผลตรวจเป็นลบ สธ.รับมือเข้ม ชี้ชัดไม่พบการระบาดในไทย,real
<p>หลีกเลี่ยงควันธูปช่วงตรุษจีน พบสารก่อมะเร็ง มีภัยต่อสุขภาพ จริงหรือ?</p>,หลีกเลี่ยงควันธูปช่วงตรุษจีน พบสารก่อมะเร็ง มีภัยต่อสุขภาพ,real
<p>ดื่มน้ำอัดลม เสี่ยงเป็นมะเร็ง ข่าวปลอม สร้างความเข้าใจผิด อย่าแชร์!</p>,ดื่มน้ำอัดลม เสี่ยงเป็นมะเร็ง ข่าวปลอม สร้างความเข้าใจผิด,real
<p>เก็บภาษีที่ดินไม่บอกราคาประเมิน และต้องเดินทางไปจ่าย ณ สถานที่ตั้งของที่ดินหรืออาคาร ข่าวปลอม อย่างแชร์!</p>,เก็บภาษีที่ดินไม่บอกราคาประเมิน และต้องเดินทางไปจ่าย ณ สถานที่ตั้งของที่ดินหรืออาคาร ข่าวปลอม ,real
<p>ทาวาสลีนในรูจมูก ช่วยดักจับฝุ่น PM 2.5 ข่าวปลอม สร้างความเข้าใจผิด อย่าแชร์!</p>,ทาวาสลีนในรูจมูก ช่วยดักจับฝุ่น PM 2.5 ข่าวปลอม สร้างความเข้าใจผิด,real
<p>ผู้ว่าฯ กทม. ขอความร่วมมือไม่หิ้วถุงพลาสติกมาติดต่อหน่วยงานสังกัด กทม. ทุกแห่ง จริงหรือ?</p>,ผู้ว่าฯ กทม. ขอความร่วมมือไม่หิ้วถุงพลาสติกมาติดต่อหน่วยงานสังกัด กทม. ทุกแห่ง,real
<p>รัฐสั่งเก็บภาษีสินสอดงานแต่ง ข่าวปลอม! สร้างความเข้าใจผิด อย่าแชร์</p>,รัฐสั่งเก็บภาษีสินสอดงานแต่ง ข่าวปลอม! สร้างความเข้าใจผิ,real
<p>10 ผักพื้นบ้าน ช่วยบำรุงสมอง ชะลอความแก่ จริงหรือ?</p>,10 ผักพื้นบ้าน ช่วยบำรุงสมอง ชะลอความแก่,real
<p>จ่ายเงินเบี้ยยังชีพผู้สูงอายุ และเบี้ยผู้พิการ ผ่านบัญชีเงินฝากเท่านั้น จริงหรือ?</p>,จ่ายเงินเบี้ยยังชีพผู้สูงอายุ และเบี้ยผู้พิการ ผ่านบัญชีเงินฝากเท่านั้น,real
<p>ถุงสปันบอนด์ไม่ใช่ถุงผ้า ทำจากพลาสติก  จริงหรือ?</p>,ถุงสปันบอนด์ไม่ใช่ถุงผ้า ทำจากพลาสติก ,real
<p>ลงทะเบียนให้รัฐช่วยปลดหนี้ ข่าวปลอม สร้างความเสียหาย อย่าแชร์!</p>,ลงทะเบียนให้รัฐช่วยปลดหนี้ ข่าวปลอม สร้างความเสียหาย,real
<p>กัญชาช่วยบรรเทาอาการโรคพาร์กินสันได้ จริงหรือ?</p>,กัญชาช่วยบรรเทาอาการโรคพาร์กินสันได้,real
"<p>รัฐบาลเตรียมสั่งทุบวัดในเขตอุทยาน 6,000 แห่งทั่วประเทศ ข่าวปลอม สร้างความเข้าใจผิดแก่ประชาชน อย่าแชร์!</p>","รัฐบาลเตรียมสั่งทุบวัดในเขตอุทยาน 6,000 แห่งทั่วประเทศ ข่าวปลอม สร้างความเข้าใจผิดแก่ประชาชน",real
<p>ลวกช้อนส้อมในหม้อหุงข้าว อุณหภูมิไม่ถึง 80 องศา มีโอกาสได้รับเชื้อแบคทีเรีย และไวรัส จริงหรือ?</p>,ลวกช้อนส้อมในหม้อหุงข้าว อุณหภูมิไม่ถึง 80 องศา มีโอกาสได้รับเชื้อแบคทีเรีย และไวรัส,real
<p>ไทยสนับสนุนอิหร่านในการรบกับอเมริกา ข่าวปลอม สร้างความเข้าใจผิดทางสังคม อย่าแชร์</p>,ไทยสนับสนุนอิหร่านในการรบกับอเมริกา ข่าวปลอม สร้างความเข้าใจผิดทางสังค,real
<p>ต้อลม ต้อเนื้อ เป็นโรคที่ไม่สามารถรักษาให้หายกลับมาเหมือนเดิมได้ จริงหรือ?</p>,ต้อลม ต้อเนื้อ เป็นโรคที่ไม่สามารถรักษาให้หายกลับมาเหมือนเดิมได้,real
<p>รัฐใช้งบฯ แก้ภัยแล้ง 3 พันล้าน ขุดบ่อบาดาล 500 บ่อ ตกบ่อละ 6 ล้าน ข่าวบิดเบือน ไม่ควรแชร์ต่อ</p>,รัฐใช้งบฯ แก้ภัยแล้ง 3 พันล้าน ขุดบ่อบาดาล 500 บ่อ ตกบ่อละ 6 ล้าน ข่าวบิดเบือน ไม่,real
<p>จัดเก็บภาษีการใช้น้ำเกษตรกร ไอเดียนายก ข่าวปลอม สร้างความเข้าใจผิดทางสังคม อย่าแชร์</p>,จัดเก็บภาษีการใช้น้ำเกษตรกร ไอเดียนายก ข่าวปลอม สร้างความเข้าใจผิดทางสังค,real
<p>ธ.ก.ส. รับขึ้นเงินรางวัลลอตเตอรี่ ค่าธรรมเนียมถูกกว่าร้านรับซื้อ 1-1.5% จริงหรือ?</p>,ธ.ก.ส. รับขึ้นเงินรางวัลลอตเตอรี่ ค่าธรรมเนียมถูกกว่าร้านรับซื้อ 1-1.5%,real
<p>ทาเล็บบ่อย เสี่ยงเป็นมะเร็ง จริงหรือ?</p>,ทาเล็บบ่อย เสี่ยงเป็นมะเร็ง,real
<p>สธ. เตือนประชาชนระวัง ไข้หวัดใหญ่ ระบาด! แนะอย่าขาดน้ำ ข่าวปลอม สร้างความเข้าใจผิดแก่ประชาชน อย่าแชร์!</p>,สธ. เตือนประชาชนระวัง ไข้หวัดใหญ่ ระบาด! แนะอย่าขาดน้ำ ข่าวปลอม สร้างความเข้าใจผิดแก่ประชาชน,real
<p>11 ส.ค. 63 ปรับเกณฑ์ใหม่ ‘คุ้มครองเงินฝาก’ จาก 5 ล้านบาทต่อคนต่อธนาคาร เหลือ 1 ล้าน จริงหรือ?</p>,11 ส.ค. 63 ปรับเกณฑ์ใหม่ ‘คุ้มครองเงินฝาก’ จาก 5 ล้านบาทต่อคนต่อธนาคาร เหลือ 1 ล้าน,real
<p>ลดน้ำหนัก ดีท็อกซ์ลำไส้ ด้วยสูตรน้ำส้มสายชู โยเกิร์ต และน้ำอัดลม ข่าวปลอม อย่าแชร์!</p>,ำไส้ ด้วยสูตรน้ำส้มสายชู โยเกิร์ต และน้ำอัดลม ข่าวปลอม อย่าแชร์!,fake
<p>พบเชื้อไวรัสโคโรนาสายพันธุ์ใหม่กำลังระบาดในไทย ข่าวปลอม สร้างความหวาดกลัวให้แก่ประชาชน อย่าแชร์!</p>,พบเชื้อไวรัสโคโรนาสายพันธุ์ใหม่กำลังระบาดในไทย ข่าวปลอม สร้างความหวาดกลัวให้แก่ประชาชน,real
<p>ดื่มสไปรท์ใส่เกลือแทนเกลือแร่ แก้ท้องร่วงได้ ข่าวปลอม เสี่ยงต่ออันตราย อย่าแชร์!</p>,ดื่มสไปรท์ใส่เกลือแทนเกลือแร่ แก้ท้องร่วงได้ ข่าวปลอม เสี่ยงต่ออันตราย,real
<p>ดอกแคบ้าน กินแก้ไตรกลีเซอไรด์สูง ไขมันพอกตับ และช่วยแก้โรคเกาต์ ข่าวปลอม อย่าแชร์!</p>,กลีเซอไรด์สูง ไขมันพอกตับ และช่วยแก้โรคเกาต์ ข่าวปลอม อย่าแชร์!,fake
"<p>โครงการบ้านคนไทยประชารัฐ ผ่อนเริ่มต้น 1,700 บาท สำหรับผู้ถือบัตรสวัสดิการแห่งรัฐ และผู้ที่มีรายได้น้อยกว่า 35,000 บาท/เดือนก่อน จริงหรือ?</p>","โครงการบ้านคนไทยประชารัฐ ผ่อนเริ่มต้น 1,700 บาท สำหรับผู้ถือบัตรสวัสดิการแห่งรัฐ และผู้ที่มีรายได้น้อยกว่า 35,000 บาท/เดือนก่อน",real
<p>ดื่มน้ำมะขาม ช่วยลดหน้าท้อง และไขมัน แถมขับถ่ายคล่อง ข่าวปลอม เสี่ยงต่ออันตราย อย่าแชร์!</p>,ดื่มน้ำมะขาม ช่วยลดหน้าท้อง และไขมัน แถมขับถ่ายคล่อง ข่าวปลอม เสี่ยงต่ออันตราย,real
<p>น้ำมันไทยที่ประเทศพม่าราคาถูกกว่าในประเทศไทย จริงหรือ?</p>,น้ำมันไทยที่ประเทศพม่าราคาถูกกว่าในประเทศไทย,real
<p>กรมบัญชีกลางขอเลขที่บัญชีธนาคาร แจ้งรัฐบาลแจกเงิน ข่าวปลอม สร้างความเข้าใจผิดแก่ประชาชน อย่าแชร์!!</p>,กรมบัญชีกลางขอเลขที่บัญชีธนาคาร แจ้งรัฐบาลแจกเงิน ข่าวปลอม สร้างความเข้าใจผิดแก่ประชาชน ,real
<p>กองบัญชาการตำรวจสอบสวนกลาง ปล่อยข่าวคนร้ายแฝงตัวเข้าบ้านไปเปิดก๊อกน้ำ ข่าวปลอม สร้างความปั่นป่วนแก่ประชาชน อย่าแชร์!!</p>,กองบัญชาการตำรวจสอบสวนกลาง ปล่อยข่าวคนร้ายแฝงตัวเข้าบ้านไปเปิดก๊อกน้ำ ข่าวปลอม สร้างความปั่นป่วนแก่ประชาชน ,real
<p>กรณีที่เป็นฝ่ายถูก เมื่อรถถูกชนสามารถเรียกร้องเงินชดเชยได้ จริงหรือ?</p>,กรณีที่เป็นฝ่ายถูก เมื่อรถถูกชนสามารถเรียกร้องเงินชดเชยได้,real
<p>ประเทศไทย จะมี 83 จังหวัด ข่าวปลอม สร้างความเข้าใจผิดแก่ประชาชน อย่าแชร์!!</p>,ประเทศไทย จะมี 83 จังหวัด ข่าวปลอม สร้างความเข้าใจผิดแก่ประชาชน ,real
<p>กรมการจัดหางาน ประกาศ เดินหน้าจับแรงงานต่างด้าว แย่งอาชีพคนไทย จริงหรือ?</p>,กรมการจัดหางาน ประกาศ เดินหน้าจับแรงงานต่างด้าว แย่งอาชีพคนไทย,real
<p>ข้าวเหนียวที่ใส่ไว้ในกระติกน้ำพลาสติก หากรับประทานจะทำให้อันตราย!! จริงหรือ?</p>,ข้าวเหนียวที่ใส่ไว้ในกระติกน้ำพลาสติก หากรับประทานจะทำให้อันตราย!!,real
"<p>กสถ. เปิดสมัครสรรหา ข้าราชการสายผู้บริหาร ขององค์กรปกครองส่วนท้องถิ่น จำนวน 12,778 อัตรา จริงหรือ?</p>","กสถ. เปิดสมัครสรรหา ข้าราชการสายผู้บริหาร ขององค์กรปกครองส่วนท้องถิ่น จำนวน 12,778 อัตรา",real
<p>สร้างห้องละหมาดทุกชั้น ในอาคารรัฐสภาแห่งใหม่ ข่าวปลอม สร้างความแตกแยก อย่าแชร์!!</p>,สร้างห้องละหมาดทุกชั้น ในอาคารรัฐสภาแห่งใหม่ ข่าวปลอม สร้างความแตกแยก ,real
<p>“น้ำประปาภัยแล้ง ดื่มได้ทุกวัย ไร้ผลกระทบ” อย่าแชร์!!</p>,“น้ำประปาภัยแล้ง ดื่มได้ทุกวัย ไร้ผลกระทบ” ,real
<p>โรตีสด ทานดิบได้ หลายคนชอบ ข่าวปลอม เสี่ยงต่ออันตราย อย่าหลงเชื่อ!!</p>,โรตีสด ทานดิบได้ หลายคนชอบ ข่าวปลอม เสี่ยงต่ออันตราย อย่า,real
<p>จับชาวบ้านตัดไม้ไผ่เขตป่าสงวน แต่ถูกโยงคดีรุกป่า ส.ป.ก. สร้างความเข้าใจผิดทางสังคม อย่าแชร์!!</p>,จับชาวบ้านตัดไม้ไผ่เขตป่าสงวน แต่ถูกโยงคดีรุกป่า ส.ป.ก. สร้างความเข้าใจผิดทางสังคม ,real
"<p>“เผยสถิติน่าตกใจ! คนไทยเกินครึ่ง มีเงินติดบัญชีไม่ถึง 3,000 บาท” จริงหรือ?</p>","“เผยสถิติน่าตกใจ! คนไทยเกินครึ่ง มีเงินติดบัญชีไม่ถึง 3,000 บาท”",real
<p>“ครม. อนุมัติให้ข้าราชการเกษียณอายุได้ถึง 70 ปีบริบูรณ์ เพื่อความต่อเนื่องในการบริหารประเทศ” ข่าวปลอม! สร้างความเข้าใจผิดทางสังคม อย่าแชร์</p>,“ครม. อนุมัติให้ข้าราชการเกษียณอายุได้ถึง 70 ปีบริบูรณ์ เพื่อความต่อเนื่องในการบริหารประเทศ” ข่าวปลอม! สร้างความเข้าใจผิดทางสังค,real
<p>สัญญาณเตือนเศรษฐกิจวิกฤต กระทบทุกชนชั้น  ข่าวปลอม  อย่าแชร์!!</p>,สัญญาณเตือนเศรษฐกิจวิกฤต กระทบทุกชนชั้น  ข่าวปลอม  ,real
<p>เปิดที่อบรมทำใบขับขี่ 130 แห่ง ทั่วประเทศ ไม่ต้องไปขนส่ง หมดเขต 31 ธ.ค. 62 จริงหรือ?</p>,เปิดที่อบรมทำใบขับขี่ 130 แห่ง ทั่วประเทศ ไม่ต้องไปขนส่ง หมดเขต 31 ธ.ค. 62,real
<p>เผยตัวเลขคาดการณ์โบนัสพนักงานรัฐวิสาหกิจปี 62 ปตท.จ่อแชมป์ จ่ายโบนัสสูงสุด 7.5 เท่าของเงินเดือน ข่าวปลอม! อย่าแชร์</p>,เผยตัวเลขคาดการณ์โบนัสพนักงานรัฐวิสาหกิจปี 62 ปตท.จ่อแชมป์ จ่ายโบนัสสูงสุด 7.5 เท่าของเงินเดือน ข่าวปลอม,real
<p>มหัศจรรย์ประโยชน์ 42 ข้อ จากน้ำส้มสายชู มีติดบ้านไว้ดีจริงหรือ?</p>,มหัศจรรย์ประโยชน์ 42 ข้อ จากน้ำส้มสายชู มีติดบ้านไว้ด,real
<p>กรมการจัดหางานเปิดโอกาสทำงานเกาหลี ญี่ปุ่น และต่างประเทศได้ง่ายๆ ไม่ยุ่งยาก พร้อมโอนเงินเพื่อจองสิทธิ์ ข่าวปลอม หลอกลวงประชาชน อย่าหลงเชื่อ!!</p>,กรมการจัดหางานเปิดโอกาสทำงานเกาหลี ญี่ปุ่น และต่างประเทศได้ง่ายๆ ไม่ยุ่งยาก พร้อมโอนเงินเพื่อจองสิทธิ์ ข่าวปลอม หลอกลวงประชาชน อย่า,real
<p>คนไทยทำได้!!  คิดค้นเครื่องยนต์นวัตกรรมใหม่ ใช้น้ำเปล่าเติมแทนน้ำมัน จริงหรือ?</p>,คนไทยทำได้!!  คิดค้นเครื่องยนต์นวัตกรรมใหม่ ใช้น้ำเปล่าเติมแทนน้ำมัน,real
<p>สินค้าน้ำมันพืชเจ้าของเป็นนักการเมืองดังภาคใต้ท่านหนึ่ง ข่าวปลอม สร้างผลกระทบ อย่าแชร์</p>,สินค้าน้ำมันพืชเจ้าของเป็นนักการเมืองดังภาคใต้ท่านหนึ่ง ข่าวปลอม สร้างผลกระท,real
"<p>ลูกหนี้เฮ!! เงินเดือนไม่เกิน 20,000 บ. ไม่ถูกยึดฯใช้หนี้ ข่าวปลอม สร้างความเข้าใจผิดทางสังคม อย่าแชร์</p>","ลูกหนี้เฮ!! เงินเดือนไม่เกิน 20,000 บ. ไม่ถูกยึดฯใช้หนี้ ข่าวปลอม สร้างความเข้าใจผิดทางสังค",real
<p>10 ประโยชน์น้ำยาบ้วนปาก สรรพคุณดีเกินคาด ข่าวปลอม!! สร้างความเข้าใจผิด อย่าแชร์</p>,10 ประโยชน์น้ำยาบ้วนปาก สรรพคุณดีเกินคาด ข่าวปลอม!! สร้างความเข้าใจผิ,real
<p>รัฐบาลเล็งเตรียมเก็บภาษีรถเก่าอายุ10ปี เตรียมกระตุ้นเศรษฐกิจป้ายแดง ข่าวปลอม อย่าแชร์</p>,รัฐบาลเล็งเตรียมเก็บภาษีรถเก่าอายุ10ปี เตรียมกระตุ้นเศรษฐกิจป้ายแดง ข่าวปลอ,real
<p>วิดีโอเผยแพร่ ยุทธศาสตร์การดะวะฮุในประเทศไทย อิสลามขอเป็นศาสนาประจำชาติ ข่าวปลอม!! สร้างความปั่นป่วน อย่าแชร์</p>,วิดีโอเผยแพร่ ยุทธศาสตร์การดะวะฮุในประเทศไทย อิสลามขอเป็นศาสนาประจำชาติ ข่าวปลอม!! สร้างความปั่นป่ว,real
<p>สรรพสามิต เล็งเก็บค่าธรรมเนียม ‘แบตเตอรี่รถยนต์ไฟฟ้า’ จริงหรือ?</p>,สรรพสามิต เล็งเก็บค่าธรรมเนียม ‘แบตเตอรี่รถยนต์ไฟฟ้า’,real
<p>กรณีพบทวิตเตอร์ปลอม แอบอ้าง ไม่ใช่เรื่องจริง อย่าหลงเชื่อ!!</p>,กรณีพบทวิตเตอร์ปลอม แอบอ้าง ไม่ใช่เรื่องจริง อย่า,real
<p>นายกฯ เรียกประชุมสภาความมั่นคงด่วน คาดประกาศ พรก.ฉุกเฉิน ข่าวปลอม !! สร้างความปั่นป่วน อย่าแชร์</p>,นายกฯ เรียกประชุมสภาความมั่นคงด่วน คาดประกาศ พรก.ฉุกเฉิน ข่าวปลอม !! สร้างความปั่นป่ว,real
<p>ข่าวลือ.. เขื่อนพนังกั้นน้ำแตกที่ จ.ตรัง ข่าวปลอม!! สร้างความแตกตื่น อย่าแชร์</p>,ข่าวลือ.. เขื่อนพนังกั้นน้ำแตกที่ จ.ตรัง ข่าวปลอม!! สร้างความแตกตื่,real
<p>ของขวัญปีใหม่ กรมการกงสุลเปิดให้ทำ Passport ฟรี ข่าวปลอม สร้างความปั่นป่วน ระวัง!! อย่าแชร์</p>,ของขวัญปีใหม่ กรมการกงสุลเปิดให้ทำ Passport ฟรี ข่าวปลอม สร้างความปั่นป่วน ระวัง!,real
<p>นายกฯ เก็บภาษีผ้าอนามัยสูง ชี้เป็นสินค้าฟุ่มเฟือย ข่าวปลอม อย่าแชร์!!</p>,ามัยสูง ชี้เป็นสินค้าฟุ่มเฟือย ข่าวปลอม อย่าแชร์!!,fake
<p>สารคำขวัญวันเด็ก จากนายกฯ  ‘เด็กไทยยุคใหม่ต้องไปสกายวอล์ค’ ข่าวปลอม สร้างความปั่นป่วน อย่าแชร์</p>,สารคำขวัญวันเด็ก จากนายกฯ  ‘เด็กไทยยุคใหม่ต้องไปสกายวอล์ค’ ข่าวปลอม สร้างความปั่นป่ว,real
<p>5 สูตรพอกหน้าขาวใส ผลลัพธ์ดี ส่วนผสมหาง่ายใกล้ๆตัว ข่าวปลอม!! ที่ควรระวัง อย่าแชร์</p>,5 สูตรพอกหน้าขาวใส ผลลัพธ์ดี ส่วนผสมหาง่ายใกล้ๆตัว ข่าวปลอม!! ที่ควรระวั,real
<p>“2 แชะ อัตลักษณ์ ” จดทะเบียนซิมการ์ดเพื่อใช้เฉพาะในพื้นที่ภาคใต้ ข่าวปลอม สร้างความปั่นป่วน อย่าแชร์</p>,“2 แชะ อัตลักษณ์ ” จดทะเบียนซิมการ์ดเพื่อใช้เฉพาะในพื้นที่ภาคใต้ ข่าวปลอม สร้างความปั่นป่ว,real
<p>‘จับมือป่วนชิบช็อปใช้’ เป็นยุวชนฐานคะแนนของพรรคการเมืองดัง ข่าวปลอม!! สร้างความปั่นป่วน อย่าแชร์</p>,‘จับมือป่วนชิบช็อปใช้’ เป็นยุวชนฐานคะแนนของพรรคการเมืองดัง ข่าวปลอม!! สร้างความปั่นป่ว,real
<p>‘บิ๊กป้อม’ ลั่น “ประชาชนไม่มีสิทธิ์ตรวจสอบ หรือวิจารณ์เป็นเรื่องของกองทัพ” ข่าวปลอม!! อย่าแชร์</p>,‘บิ๊กป้อม’ ลั่น “ประชาชนไม่มีสิทธิ์ตรวจสอบ หรือวิจารณ์เป็นเรื่องของกองทัพ” ข่าวปลอม!,real
<p>เปิดหลักฐานปล้นประเทศไทย… ข่าวปลอม! สร้างความปั่นป่วน  ที่ไม่ควรแชร์ต่อ!</p>,เปิดหลักฐานปล้นประเทศไทย… ข่าวปลอม! สร้างความปั่นป่วน  ที่ไม่ค,real
<p>กยศ. แจงข่าวลวงบังคับเปลี่ยนศาสนา แลกปลอดหนี้เงินให้กู้ยืมเพื่อการศึกษา ข่าวปลอม สร้างความปั่นป่วน อย่าหลงเชื่อ!</p>,กยศ. แจงข่าวลวงบังคับเปลี่ยนศาสนา แลกปลอดหนี้เงินให้กู้ยืมเพื่อการศึกษา ข่าวปลอม สร้างความปั่นป่วน อย่,real
<p>ธนาคารกรุงไทย แจงข่าว หลังลือหนัก เรื่องห้ามกดเงินตู้ ATM ธนาคารไร้ไฟกระพริบ เหตุถูกแฮคข้อมูลไปยูเครน ข่าวปลอม! อย่าแชร์</p>,ธนาคารกรุงไทย แจงข่าว หลังลือหนัก เรื่องห้ามกดเงินตู้ ATM ธนาคารไร้ไฟกระพริบ เหตุถูกแฮคข้อมูลไปยูเครน ข่าวปลอม,real
<p>‘บิ๊กแดง’ ผบ.ทบ. ลั่นจะไปถล่มกลุ่ม BRN ด้วยตัวเอง ย้ำอยู่ร่วมแผ่นดินกันไม่ได้ ข่าวปลอม! อย่าแชร์</p>,‘บิ๊กแดง’ ผบ.ทบ. ลั่นจะไปถล่มกลุ่ม BRN ด้วยตัวเอง ย้ำอยู่ร่วมแผ่นดินกันไม่ได้ ข่าวปลอม,real
<p>ข่าวปลอม! ‘สมคิด’ เตือนคนไทยประหยัด  เพราะเงินใกล้หมดคลัง ย้ำประชาชนอย่าหลงเชื่อ</p>,ข่าวปลอม! ‘สมคิด’ เตือนคนไทยประหยัด  เพราะเงินใกล้หมดคลัง ย้ำประชาชนอย,real
<p>Pantoflex ผลิตภัณฑ์รักษาข้อต่อ ไม่เคยถูกขึ้นทะเบียนยา แอบอ้างสรรพคุณ กับข้อเท็จจริงที่ควรรู้</p>,Pantoflex ผลิตภัณฑ์รักษาข้อต่อ ไม่เคยถูกขึ้นทะเบียนยา แอบอ้างสรรพคุณ กับข้อเท็จจริ,real
<p>กระทรวงศึกษาฯ บังคับเด็กประถม-มัธยม ทุกคนเรียนวิชาอิสลาม   ข่าวปลอม สร้างความปั่นป่วน กับข้อเท็จจริงที่ต้องรู้</p>,กระทรวงศึกษาฯ บังคับเด็กประถม-มัธยม ทุกคนเรียนวิชาอิสลาม   ข่าวปลอม สร้างความปั่นป่วน กับข้อเท็จจริง,real
<p>น้ำยาบ้วนปาก กับประโยชน์นานัปการ ข่าวปลอม ที่อ้างสรรพคุณเกินจริง ที่คุณต้องรู้</p>,น้ำยาบ้วนปาก กับประโยชน์นานัปการ ข่าวปลอม ที่อ้างสรรพคุณเกินจริง ที่,real
<p>ใบหน้าอ่อนกว่าวัยด้วย 3 สูตรพอกหน้า ช่วยลดอายุไป 20 ปี ข่าวปลอม ต้องระวัง! อาจเกิดอาการแพ้</p>,ใบหน้าอ่อนกว่าวัยด้วย 3 สูตรพอกหน้า ช่วยลดอายุไป 20 ปี ข่าวปลอม ต้องระวัง! อาจเก,real
<p>8 สูตรพอกหน้าลดรอยสิว ขาวไว จุดด่างดำขาววิ้ง ข่าวปลอม อ้างสรรพคุณเกินจริง อย่าหลงเชื่อ!</p>,8 สูตรพอกหน้าลดรอยสิว ขาวไว จุดด่างดำขาววิ้ง ข่าวปลอม อ้างสรรพคุณเกินจริง อย่,real
<p>การอาบน้ำอุ่นตอนท้องปลอดภัยหรือไม่?  ข่าวจริงที่หญิงตั้งครรภ์ต้องหลีกเลี่ยง</p>,การอาบน้ำอุ่นตอนท้องปลอดภัยหรือไม่?  ข่าวจริงที่หญิงตั้งครรภ์ต้อง,real
<p>เตือนภัยคนนอนกรน เสี่ยงหัวใจหยุดเต้น อันตราย! ควรพบแพทย์ต้องระวัง จริงหรือ ?</p>,เตือนภัยคนนอนกรน เสี่ยงหัวใจหยุดเต้น อันตราย! ควรพบแพทย์ต้องระวัง ,real
<p>แจง ‘บิ๊กตู่ เตรียมลาออกนายก’  เป็นข่าวปลอม หยุดแชร์</p>,แจง ‘บิ๊กตู่ เตรียมลาออกนายก’  เป็นข่าวปลอ,real
<p>เผยมือป่วน ชิมช้อปใช้ 2 เป็นมืออาชีพ ทำเป็นขบวนการ สร้างเว็บปลอมหลอกคน</p>,เผยมือป่วน ชิมช้อปใช้ 2 เป็นมืออาชีพ ทำเป็นขบวนการ สร้างเว็บ,real
<p>ชัวร์ก่อนแชร์ : ตำรวจจะไม่มีอำนาจยึดใบขับขี่อีกต่อไป จริงหรือ ?</p>,ชัวร์ก่อนแชร์ : ตำรวจจะไม่มีอำนาจยึดใบขับขี่อีกต่อไป ,real
<p>เตือนภัย! อย่าหลงเชื่ออาหารเสริม อ้างสามารถรักษาโรคทางตาได้</p>,เตือนภัย! อย่าหลงเชื่ออาหารเสริม อ้างสามารถรักษาโ,real
<p>กรมอุตุฯ แจงข่าวลือว่อนโซเชียล คลื่นความหนาวปกคลุมไทย ไม่เป็นความจริง</p>,กรมอุตุฯ แจงข่าวลือว่อนโซเชียล คลื่นความหนาวปกคลุมไทย ไม่เป,real
<p>กกต. แจงแล้ว แจกใบแดงเพื่อไทย – อนาคตใหม่ ตัดกำลัง เป็นแค่ข่าวปลอม</p>,กกต. แจงแล้ว แจกใบแดงเพื่อไทย – อนาคตใหม่ ตัดกำลัง เป็นแ,real
<p>น้ำสับปะรดร้อน รักษามะเร็ง จริงหรือ?</p>,น้ำสับปะรดร้อน รักษามะเร็ง,real
<p>sanook.com ชี้แจงข้อเท็จจริงกรณีเว็บไซต์ข่าวปลอม แอบอ้างเสนอบทความพระราชินี</p>,sanook.com ชี้แจงข้อเท็จจริงกรณีเว็บไซต์ข่าวปลอม แอบอ้างเสนอบทควา,real
<p>อย่าเชื่อ ! ธนาคารออมสิน แจงเลข 8 และ 28 ในบัตร ปชช. ขึ้นเงินได้ ไม่จริง</p>,อย่าเชื่อ ! ธนาคารออมสิน แจงเลข 8 และ 28 ในบัตร ปชช. ขึ้นเงินไ,real
<p>กรมอุตุฯ แจงข่าวลือพายุลูกใหม่รุนแรงกว่า “พายุฮาวี” กระทบไทย 8 ก.ย. นี้</p>,กรมอุตุฯ แจงข่าวลือพายุลูกใหม่รุนแรงกว่า “พายุฮาวี” กระทบไทย ,real
<p>แจงชัด บิ๊กตู่ใช้ ม.44 ตัดสิทธิ์ ทูลกระหม่อมหญิงฯ เป็นข่าวปลอม หยุดแชร์</p>,แจงชัด บิ๊กตู่ใช้ ม.44 ตัดสิทธิ์ ทูลกระหม่อมหญิงฯ เป็นข่าวปลอ,real
<p>ดิสเครดิตรัฐบาล!! 3 ข่าวปลอมทำสังคมสับสน</p>,ดิสเครดิตรัฐบาล!! 3 ข่าวปลอมทำ,real
<p>อ.เจษฯ แจง หลังภาพว่อนน้ำทะเลลด หวั่นเกิดสึนามิ</p>,อ.เจษฯ แจง หลังภาพว่อนน้ำทะเลลด หวั่น,real
<p>คนแรกของไทย ขออนุญาต “ปลูกกัญชา” โดยไม่ผิดกฎหมายได้แล้ว</p>,คนแรกของไทย ขออนุญาต “ปลูกกัญชา” โดยไม่ผิดกฎห,real
<p>ประกาศเตือน อย่าเชื่อข่าวปลอม เรื่องคลื่นความหนาว-พายุฤดูร้อนถล่ม ปลายเดือนนี้</p>,ประกาศเตือน อย่าเชื่อข่าวปลอม เรื่องคลื่นความหนาว-พายุฤดูร้อนถล่ม ปล,real
<p>เตือนเว็บปลอมอ้างแบรนด์ ‘ลอรีอัล’ หลอกกดโทรไปนอก</p>,เตือนเว็บปลอมอ้างแบรนด์ ‘ลอรีอัล’ หลอก,real
"<p>วอนหยุดแชร์ แขวงทางหลวง ยันไม่มีนโยบายแจกเงินผู้เสียชีวิตรายละ 15,000</p>",วอนหยุดแชร์ แขวงทางหลวง ยันไม่มีนโยบายแจกเงินผู้เสียชีวิตรา,real
<p>‘ขึ้นภาษี VAT’ ข่าวปลอมบนโซเชียลกับความจริงที่ต้องอ่าน!!</p>,‘ขึ้นภาษี VAT’ ข่าวปลอมบนโซเชียลกับความจริงที่,real
<p>‘ดีอี’ ยันไม่มีประกาศพื้นที่ควบคุมพิเศษ วอนตรวจสอบก่อนแชร์</p>,‘ดีอี’ ยันไม่มีประกาศพื้นที่ควบคุมพิเศษ วอนตรวจส,real
<p>“อธิบดีปศุสัตว์” แจงข่าว หมูไก่เป็นเอดส์ไม่จริง</p>,“อธิบดีปศุสัตว์” แจงข่าว หมูไก่เป็นเอ,real
"<p>ข่าวปลอมโผล่ อ้างบิ๊กตู่ ผ่าน 5 เดือน ทรัพย์สินทะลุ 2,000 ล้าน</p>",ข่าวปลอมโผล่ อ้างบิ๊กตู่ ผ่าน 5 เดือน ทรัพย์สินทะลุ ,real
<p>ข่าวปลอม ปตท. การ “แยกกันเดิน ร่วมกันตี”</p>,ข่าวปลอม ปตท. การ “แยกกันเดิน ,real
<p>‘กรุงไทย’ ปัดข่าว ‘GULF’ เบี้ยวหนี้ ยันไม่มีสินเชื่อกับแบงก์</p>,‘กรุงไทย’ ปัดข่าว ‘GULF’ เบี้ยวหนี้ ยันไม่มีสินเชื,real
<p>อย่าเชื่อ ภาพนี้ไม่ใช่ พระบรมฉายาลักษณ์ รัชกาลที่ 9</p>,อย่าเชื่อ ภาพนี้ไม่ใช่ พระบรมฉายาลักษณ์ ร,real
<p>ไม่จริง! ‘คร.’ เตือนอย่าเชื่อข่าวปลอม ‘ไข้เลือดออก’ สายพันธุ์ใหม่</p>,ไม่จริง! ‘คร.’ เตือนอย่าเชื่อข่าวปลอม ‘ไข้เลือดออก’ สาย,real
<p>อย่าเชื่อ ข่าวปลอม!! รัฐตัดลดงบบัตรทอง</p>,อย่าเชื่อ ข่าวปลอม!! รัฐตัดล,real
<p>ข่าวปลอม รัฐไม่ยกเว้นภาษี 13 ปี อาลีบาบา</p>,ข่าวปลอม รัฐไม่ยกเว้นภาษี 13 ป,real
<p>“ธาริน” ยันไม่จริง ไม่มีทำพิธีร่างทรงต่างดาวทำนายดวงโลก</p>,“ธาริน” ยันไม่จริง ไม่มีทำพิธีร่างทรงต่างดาวท,real
<p>การไฟฟ้า ยืนยันอุปกรณ์ช่วยลดค่าไฟฟ้าภายในบ้านไม่มีอยู่จริง</p>,การไฟฟ้า ยืนยันอุปกรณ์ช่วยลดค่าไฟฟ้าภายในบ้านไม่,real
<p>กรมสรรพากรยืนยัน !!! รัฐบาลไม่มีนโยบายเก็บภาษีเงินสินสอดงานแต่ง</p>,กรมสรรพากรยืนยัน !!! รัฐบาลไม่มีนโยบายเก็บภาษีเงินสิน,real
<p>ตร.ปอท.แนะ วิธีตรวจสอบและรับมือข่าวปลอม</p>,ตร.ปอท.แนะ วิธีตรวจสอบและรับม,real
<p>ธปท.โต้ข่าวปลอม..ย้ำไม่เคยใช้ทุนสำรองผิดวัตถุประสงค์</p>,ธปท.โต้ข่าวปลอม..ย้ำไม่เคยใช้ทุนสำรองผิดวั,real
<p>เพจปลอมแอบอ้างชื่อ สธ. ค้นพบวิธีลดน้ำหนักแบบได้ผล เตือนอย่าหลงเชื่อ</p>,เพจปลอมแอบอ้างชื่อ สธ. ค้นพบวิธีลดน้ำหนักแบบได้ผล เตือนอย,real
<p>ข่าวปลอม! กอ.รมน.ยันโพลชายแดนใต้ไม่มีประเด็นรูปแบบการปกครอง</p>,ข่าวปลอม! กอ.รมน.ยันโพลชายแดนใต้ไม่มีประเด็นรูปแบ,real
<p>ไม่จริง! ‘กรมทางหลวง’ วอนอย่าแชร์ภาพอ้างดินถล่มภาคเหนือ</p>,ไม่จริง! ‘กรมทางหลวง’ วอนอย่าแชร์ภาพอ้างดินถล,real
<p>กรมวิทยาศาสตร์การแพทย์ ชี้ ข่าวไมโครเวฟอันตรายกว่าระเบิดปรมาณู ไม่เป็นความจริง</p>,กรมวิทยาศาสตร์การแพทย์ ชี้ ข่าวไมโครเวฟอันตรายกว่าระเบิดปรมาณู ไม่เป,real
<p>อย่าเชื่อข่าวปลอม ฟองสบู่แตกรอบ 2 ตรวจสอบข้อมูล ก่อนเชื่อ หรือ แชร์</p>,อย่าเชื่อข่าวปลอม ฟองสบู่แตกรอบ 2 ตรวจสอบข้อมูล ก่อนเชื่อ,real
<p>7-11 ไม่ได้แจกคูปอง 500 บาท</p>,7-11 ไม่ได้แจกคูป,real
<p>เตือนระวังแอบอ้างแจกตั๋ว ‘บินไทย’ยันไม่ใช่เว็บในสังกัด</p>,เตือนระวังแอบอ้างแจกตั๋ว ‘บินไทย’ยันไม่ใช่เว,real
<p>เตือนภัย มิจฉาชีพร่อนอีเมลปลอมธนาคาร แจ้งรีเซตรหัสผ่าน-ยืนยันตัวตน ทำหลายคนเกือบหลงเชื่อ แต่โป๊ะแตก โลโก้-เนื้อหา มาจากธนาคารหนึ่ง แต่ลายน้ำกลับเป็นของอีกธนาคาร</p>,เตือนภัย มิจฉาชีพร่อนอีเมลปลอมธนาคาร แจ้งรีเซตรหัสผ่าน-ยืนยันตัวตน ทำหลายคนเกือบหลงเชื่อ แต่โป๊ะแตก โลโก้-เนื้อหา มาจากธนาคารหนึ่ง แต่ลายน้ำกลับเป็นขอ,real
<p>คลายข้อสงสัยเกี่ยวกับกัญชา</p>,คลายข้อสงสัยเกี่,real
<p>“กกต.” โต้ข่าวปลอมถุงเมล์บัตรนอกราชฯ ขู่ฟันมือโพสต์-แชร์</p>,“กกต.” โต้ข่าวปลอมถุงเมล์บัตรนอกราชฯ ขู่ฟันมือ,real
<p>ข่าวปลอม!! ‘แบงก์ชาติ’ ปัดข่าวหนี้เสี่ยสวนทุเรียน 30 ล้าน</p>,ข่าวปลอม!! ‘แบงก์ชาติ’ ปัดข่าวหนี้เสี่ยสวนทุเรี,real
<p>อนาคตใหม่ แจงข่าวปลอม ธนาธร ถือหุ้น PICNI</p>,อนาคตใหม่ แจงข่าวปลอม ธนาธร ถือ,real
<p>เคลื่อนย้ายรถถัง ลือรัฐประหาร</p>,เคลื่อนย้ายรถถัง ลื,real
<p>ป.ป.ส.ลุยเอาผิดคนแพร่ข้อมูลเท็จปมปลูกกัญชา</p>,ป.ป.ส.ลุยเอาผิดคนแพร่ข้อมูลเท็จป,real
<p>กรองสักนิดก่อนแชร์!! หนักกว่า “ปาบึก” ก็ “ข่าวมั่ว” นี่แหละ</p>,กรองสักนิดก่อนแชร์!! หนักกว่า “ปาบึก” ก็ “ข่าวมั่,real
<p>รวบหนุ่มอ้าง กอ.รมน. เก็บเงินรายเดือน ผู้ค้าย่านประตูน้ำ แลกไม่ถูกจับลิขสิทธิ์</p>,รวบหนุ่มอ้าง กอ.รมน. เก็บเงินรายเดือน ผู้ค้าย่านประตูน้ำ แลกไม่ถูกจั,real
<p>CPALL แจงเหตุข่าวนมเปรี้ยวยี่ห้อดังทำเด็กเสียชีวิต ยันข่าวปลอม จ่อเอาผิดเพจแพร่เผย</p>,CPALL แจงเหตุข่าวนมเปรี้ยวยี่ห้อดังทำเด็กเสียชีวิต ยันข่าวปลอม จ่อเอาผิด,real
<p>อุตุฯ เตือนอย่าหลงเชื่อข่าวปลอม! มีพายุรุนแรงสุดรอบ 10 ปี</p>,อุตุฯ เตือนอย่าหลงเชื่อข่าวปลอม! มีพายุรุนแรงสุ,real
<p>แค่ข่าวลือ! วอนหยุดแชร์ภาพเก่าดินสไลด์ ปิดช่องทางเพชรบูรณ์</p>,แค่ข่าวลือ! วอนหยุดแชร์ภาพเก่าดินสไลด์ ปิดช่องทา,real
<p>“โรเบิร์ต สายควัน” วอนหยุดแชร์ข่าวปลอม ยันเลิกยาเสพติดมา 20 ปีแล้ว!!!</p>,“โรเบิร์ต สายควัน” วอนหยุดแชร์ข่าวปลอม ยันเลิกยาเสพติดมา 20,real
<p>อย.เตือนอย่าหลงเชื่อคำโฆษณา แผ่นแปะสะดือเผาผลาญไขมัน</p>,อย.เตือนอย่าหลงเชื่อคำโฆษณา แผ่นแปะสะดือเผ,real
<p>“ไอซ์ ปรีชญา” เดือด เว็บปลอมกุข่าว โดนรวบปาร์ตี้ยา เตรียมแจ้งความกลับ</p>,“ไอซ์ ปรีชญา” เดือด เว็บปลอมกุข่าว โดนรวบปาร์ตี้ยา เตรียมแจ,real
<p>สธ.เตือน “อย่าเชื่อ-อย่าแชร์” ข่าวปลอมอ้างมีคนตายจากฝุ่นPM2.5</p>,สธ.เตือน “อย่าเชื่อ-อย่าแชร์” ข่าวปลอมอ้างมีคนตายจา,real
<p>เว็บคลิกเบทผุดข่าวปลอม เสี่ยตัน ไม่ช่วย พี่ตูน ชาวเน็ตด่าขรมโปรดอย่าแชร์</p>,เว็บคลิกเบทผุดข่าวปลอม เสี่ยตัน ไม่ช่วย พี่ตูน ชาวเน็ตด่าขรมโป,real
<p>ข่าวปลอม “บิ๊กตู่” เรียกเก็บเงินภาษี 7 % “ก้าวคนละก้าว”</p>,ข่าวปลอม “บิ๊กตู่” เรียกเก็บเงินภาษี 7 % “ก้า,real
<p>อย่าหลงเชื่อ ข่าวปลอม ยาพาราเซตามอลปนเปื้อนเชื้อไวรัส</p>,อย่าหลงเชื่อ ข่าวปลอม ยาพาราเซตามอลปนเปื้อน,real
